{"version":"1.2.01","targetMappings":{"*-analyzeSBKPIDetailsS4HANA~6dra":{"semanticObject":"*","semanticAction":"analyzeSBKPIDetailsS4HANA","formFactors":{"desktop":true,"tablet":true},"signature":{"additionalParameters":"allowed","parameters":{"EvaluationId":{"required":true},"ViewId":{}}},"text":"Analyze KPI Details","applicationType":"SAPUI5","applicationData":"SAPUI5.Component=ssuite.smartbusiness.runtime.s1","applicationDependencies":"{\"name\":\"ssuite.smartbusiness.runtime.s1\",\"url\":\"/sap/bc/ui5_ui5/sap/sbrt_appss1/~B8351AF8D6FE647CD97C4D08DE0B5FB9~5\",\"manifestUrl\":\"/sap/bc/lrep/content/~20160520151516.6227940~/apps/ssuite.smartbusiness.runtime.s1/app/sap/sbrt_appss1/manifest.appdescr\",\"self\":{\"name\":\"ssuite.smartbusiness.runtime.s1\",\"url\":\"/sap/bc/ui5_ui5/sap/sbrt_appss1/~B8351AF8D6FE647CD97C4D08DE0B5FB9~5\"},\"asyncHints\":{\"libs\":[{\"name\":\"sap.suite.ui.microchart\"},{\"name\":\"sap.suite.ui.commons\"},{\"name\":\"sap.ui.layout\"},{\"name\":\"sap.ui.core\"},{\"name\":\"sap.ui.table\"},{\"name\":\"sap.ui.comp\"},{\"name\":\"sap.ui.fl\"},{\"name\":\"sap.m\"},{\"name\":\"sap.viz\"}]},\"messages\":[{\"severity\":\"error\",\"text\":\"The application ssuite.smartbusiness.runtime.s1 has errors and will possibly not run properly.\"},{\"severity\":\"error\",\"text\":\"Error in application dependency sap.suite.ui.microchart\"},{\"severity\":\"error\",\"text\":\"Error in application dependency sap.suite.ui.commons\"},{\"severity\":\"error\",\"text\":\"Error in application dependency sap.ui.table\"},{\"severity\":\"error\",\"text\":\"Error in application dependency sap.viz\"}]}","url":"/sap/bc/ui5_ui5/sap/sbrt_appss1","catalogId":"X-SAP-UI2-CATALOGPAGE:SAP_CA_BC_SSB","tmChipId":"00O2TPKTQNBJCBGCKO21O3ZO9"},"*-analyzeSBKPIDetailsS4HANA~6oCW":{"semanticObject":"*","semanticAction":"analyzeSBKPIDetailsS4HANA","formFactors":{"desktop":true,"tablet":true},"signature":{"additionalParameters":"allowed","parameters":{"EvaluationId":{"required":true},"ViewId":{}}},"text":"Analyze KPI Details","applicationType":"SAPUI5","applicationData":"SAPUI5.Component=ssuite.smartbusiness.runtime.s1","applicationDependencies":"{\"name\":\"ssuite.smartbusiness.runtime.s1\",\"url\":\"/sap/bc/ui5_ui5/sap/sbrt_appss1/~B8351AF8D6FE647CD97C4D08DE0B5FB9~5\",\"manifestUrl\":\"/sap/bc/lrep/content/~20160520151516.6227940~/apps/ssuite.smartbusiness.runtime.s1/app/sap/sbrt_appss1/manifest.appdescr\",\"self\":{\"name\":\"ssuite.smartbusiness.runtime.s1\",\"url\":\"/sap/bc/ui5_ui5/sap/sbrt_appss1/~B8351AF8D6FE647CD97C4D08DE0B5FB9~5\"},\"asyncHints\":{\"libs\":[{\"name\":\"sap.suite.ui.microchart\"},{\"name\":\"sap.suite.ui.commons\"},{\"name\":\"sap.ui.layout\"},{\"name\":\"sap.ui.core\"},{\"name\":\"sap.ui.table\"},{\"name\":\"sap.ui.comp\"},{\"name\":\"sap.ui.fl\"},{\"name\":\"sap.m\"},{\"name\":\"sap.viz\"}]},\"messages\":[{\"severity\":\"error\",\"text\":\"The application ssuite.smartbusiness.runtime.s1 has errors and will possibly not run properly.\"},{\"severity\":\"error\",\"text\":\"Error in application dependency sap.suite.ui.microchart\"},{\"severity\":\"error\",\"text\":\"Error in application dependency sap.suite.ui.commons\"},{\"severity\":\"error\",\"text\":\"Error in application dependency sap.ui.table\"},{\"severity\":\"error\",\"text\":\"Error in application dependency sap.viz\"}]}","url":"/sap/bc/ui5_ui5/sap/sbrt_appss1","catalogId":"X-SAP-UI2-CATALOGPAGE:SAP_SD_BC_SALES_ANLYTS_OP","tmChipId":"ET090PW4NWFHY5L8LIB2K7JCP"},"CDSBrowser-browse~6mq5":{"semanticObject":"CDSBrowser","semanticAction":"browse","formFactors":{"desktop":true,"tablet":true,"phone":true},"signature":{"additionalParameters":"allowed"},"text":"SAP CDS View Browser","applicationType":"SAPUI5","applicationData":"SAPUI5.Component=query.viewbrowser.s1","applicationDependencies":"{\"name\":\"query.viewbrowser.s1\",\"url\":\"/sap/bc/ui5_ui5/sap/cdsbrowsers1/~0437BCA1BC8BE9389F817F3D3A237334~5\",\"manifestUrl\":\"/sap/bc/lrep/content/~20160523174943.2363110~/apps/query.viewbrowser.s1/app/sap/cdsbrowsers1/manifest.appdescr\",\"self\":{\"name\":\"query.viewbrowser.s1\",\"url\":\"/sap/bc/ui5_ui5/sap/cdsbrowsers1/~0437BCA1BC8BE9389F817F3D3A237334~5\"},\"asyncHints\":{\"libs\":[{\"name\":\"sap.ui.layout\"},{\"name\":\"sap.ui.core\"},{\"name\":\"sap.ui.comp\"},{\"name\":\"sap.suite.ui.microchart\",\"lazy\":true},{\"name\":\"sap.ui.table\"},{\"name\":\"sap.ui.fl\"},{\"name\":\"sap.m\"},{\"name\":\"sap.uxap\"}]},\"messages\":[{\"severity\":\"error\",\"text\":\"The application query.viewbrowser.s1 has errors and will possibly not run properly.\"},{\"severity\":\"error\",\"text\":\"Error in application dependency sap.suite.ui.microchart\"},{\"severity\":\"error\",\"text\":\"Error in application dependency sap.ui.table\"},{\"severity\":\"error\",\"text\":\"Error in application dependency sap.uxap\"}]}","url":"/sap/bc/ui5_ui5/sap/CDSBROWSERS1","catalogId":"X-SAP-UI2-CATALOGPAGE:SAP_CA_BC_ANA_AQD","tmChipId":"ET090PW4NWFG7U8BSY94UKAR7"},"ConditionContract-changeValidity~6dCt":{"semanticObject":"ConditionContract","semanticAction":"changeValidity","formFactors":{"desktop":true},"signature":{"additionalParameters":"ignored"},"text":"Change Validity","applicationType":"TR","url":"https://ldcier9.wdf.sap.corp:44300/sap/bc/gui/sap/its/webgui;~sysid=ER9;~loginGroup=PUBLIC;~messageServer=10.76.181.178?%7etransaction=WCB_VALIDITY_CHANGE&%7enosplash=1&sap-client=001&sap-language=EN","systemAlias":"S4LO","catalogId":"X-SAP-UI2-CATALOGPAGE:SAP_SD_BC_SETTLE_MANAGER","tmChipId":"00O2TOBXDLX6WCHB0VO47DUSJ"},"ConditionContract-displayConditions~6dCu":{"semanticObject":"ConditionContract","semanticAction":"displayConditions","formFactors":{"desktop":true},"signature":{"additionalParameters":"ignored"},"text":"Display Conditions","applicationType":"TR","url":"https://ldcier9.wdf.sap.corp:44300/sap/bc/gui/sap/its/webgui;~sysid=ER9;~loginGroup=PUBLIC;~messageServer=10.76.181.178?%7etransaction=WCOLI&%7enosplash=1&sap-client=001&sap-language=EN","systemAlias":"S4LO","catalogId":"X-SAP-UI2-CATALOGPAGE:SAP_SD_BC_SETTLE_MANAGER","tmChipId":"00O2TOBXDLX6WCHB6WSTE9ELF"},"ConditionContract-displayContracts~6dCs":{"semanticObject":"ConditionContract","semanticAction":"displayContracts","formFactors":{"desktop":true},"signature":{"additionalParameters":"ignored"},"text":"Display Contracts","applicationType":"TR","url":"https://ldcier9.wdf.sap.corp:44300/sap/bc/gui/sap/its/webgui;~sysid=ER9;~loginGroup=PUBLIC;~messageServer=10.76.181.178?%7etransaction=WCOCOALL&%7enosplash=1&sap-client=001&sap-language=EN","systemAlias":"S4LO","catalogId":"X-SAP-UI2-CATALOGPAGE:SAP_SD_BC_SETTLE_MANAGER","tmChipId":"00O2TOBXDLX6WCHAV69JHW65F"},"ConditionContract-displaySettlementCalendar~6dCw":{"semanticObject":"ConditionContract","semanticAction":"displaySettlementCalendar","formFactors":{"desktop":true},"signature":{"additionalParameters":"ignored"},"text":"Display Settlement Calendars","applicationType":"TR","url":"https://ldcier9.wdf.sap.corp:44300/sap/bc/gui/sap/its/webgui;~sysid=ER9;~loginGroup=PUBLIC;~messageServer=10.76.181.178?%7etransaction=WB2R_SETTL_CAL&%7enosplash=1&sap-client=001&sap-language=EN","systemAlias":"S4LO","catalogId":"X-SAP-UI2-CATALOGPAGE:SAP_SD_BC_SETTLE_MANAGER","tmChipId":"00O2TOBXDLX6WCHCBMMJMFQ5F"},"ConditionContract-extend~6dCv":{"semanticObject":"ConditionContract","semanticAction":"extend","formFactors":{"desktop":true},"signature":{"additionalParameters":"ignored"},"text":"Extend Contracts","applicationType":"TR","url":"https://ldcier9.wdf.sap.corp:44300/sap/bc/gui/sap/its/webgui;~sysid=ER9;~loginGroup=PUBLIC;~messageServer=10.76.181.178?%7etransaction=WB2R_EXTENSION&%7enosplash=1&sap-client=001&sap-language=EN","systemAlias":"S4LO","catalogId":"X-SAP-UI2-CATALOGPAGE:SAP_SD_BC_SETTLE_MANAGER","tmChipId":"00O2TOBXDLX6WCHBAL940697N"},"ConditionContract-maintain~6dCx":{"semanticObject":"ConditionContract","semanticAction":"maintain","formFactors":{"desktop":true},"signature":{"additionalParameters":"ignored"},"text":"Maintain Contracts","applicationType":"TR","url":"https://ldcier9.wdf.sap.corp:44300/sap/bc/gui/sap/its/webgui;~sysid=ER9;~loginGroup=PUBLIC;~messageServer=10.76.181.178?%7etransaction=WCOCO&%7enosplash=1&sap-client=001&sap-language=EN","systemAlias":"S4LO","catalogId":"X-SAP-UI2-CATALOGPAGE:SAP_SD_BC_SETTLE_MANAGER","tmChipId":"00O2TOBXDLX6WCHCFLATV2TCZ"},"CustomerInvoice-analyzeRevenue~6oCV":{"semanticObject":"CustomerInvoice","semanticAction":"analyzeRevenue","formFactors":{"desktop":true},"signature":{"additionalParameters":"ignored"},"text":"Sales Volume","applicationType":"NWBC","url":"https://ldcier9.wdf.sap.corp:44300/sap/bc/ui2/nwbc/~canvas;window=app/wda/SD_FPM_OVP_SALESVOLUME/?sap-client=001&sap-wd-configId=SD_FPM_OVP_SALESVOLUME&sap-language=EN","systemAlias":"S4SD","catalogId":"X-SAP-UI2-CATALOGPAGE:SAP_SD_BC_SALES_ANLYTS_OP","tmChipId":"ET090PW4NWFHY5L8I1Q6J59BV"},"FioriApplication-SBWorkspaceS4HANA~6dr9":{"semanticObject":"FioriApplication","semanticAction":"SBWorkspaceS4HANA","formFactors":{"desktop":true,"tablet":true},"signature":{"additionalParameters":"allowed"},"text":"Workspace","applicationType":"SAPUI5","applicationData":"SAPUI5.Component=ssuite.smartbusiness.workspace.s1","applicationDependencies":"{\"name\":\"ssuite.smartbusiness.workspace.s1\",\"url\":\"/sap/bc/ui5_ui5/sap/sb_apps_wss1/~03F805BFCF7770212072E81C290DDFAF~5\",\"self\":{\"name\":\"ssuite.smartbusiness.workspace.s1\",\"url\":\"/sap/bc/ui5_ui5/sap/sb_apps_wss1/~03F805BFCF7770212072E81C290DDFAF~5\"},\"asyncHints\":{\"libs\":[{\"name\":\"sap.smartbusiness.lib\",\"url\":{\"url\":\"/sap/bc/ui5_ui5/sap/sb_apps_libs1/~81B455F2F264D722700528E8D25FBA91~5\",\"final\":true}},{\"name\":\"sap.m\"},{\"name\":\"sap.ui.core\"},{\"name\":\"sap.ca.scfld.md\"},{\"name\":\"sap.ui.layout\"}]},\"messages\":[{\"severity\":\"error\",\"text\":\"The application ssuite.smartbusiness.workspace.s1 has errors and will possibly not run properly.\"},{\"severity\":\"error\",\"text\":\"Error in application dependency sap.ca.scfld.md\"}]}","url":"/sap/bc/ui5_ui5/sap/sb_apps_wss1","catalogId":"X-SAP-UI2-CATALOGPAGE:SAP_CA_BC_SSB","tmChipId":"00O2TPKTQCDUX1D6EBGGD15D0"},"FioriApplication-configureSBKPIDrilldownS4HANA~6dr6":{"semanticObject":"FioriApplication","semanticAction":"configureSBKPIDrilldownS4HANA","formFactors":{"desktop":true,"tablet":true},"signature":{"additionalParameters":"allowed"},"text":"Configure KPI Drill-Down","applicationType":"SAPUI5","applicationData":"SAPUI5.Component=ssuite.smartbusiness.drilldown.s1","applicationDependencies":"{\"name\":\"ssuite.smartbusiness.drilldown.s1\",\"url\":\"/sap/bc/ui5_ui5/sap/sb_apps_dds1/~D8EC4D5592C3CF022DA0172A1C558EEB~5\",\"self\":{\"name\":\"ssuite.smartbusiness.drilldown.s1\",\"url\":\"/sap/bc/ui5_ui5/sap/sb_apps_dds1/~D8EC4D5592C3CF022DA0172A1C558EEB~5\"},\"asyncHints\":{\"libs\":[{\"name\":\"sap.smartbusiness.lib\",\"url\":{\"url\":\"/sap/bc/ui5_ui5/sap/sb_apps_libs1/~81B455F2F264D722700528E8D25FBA91~5\",\"final\":true}},{\"name\":\"sap.m\"},{\"name\":\"sap.ui.core\"},{\"name\":\"sap.suite.ui.commons\"},{\"name\":\"sap.ca.scfld.md\"},{\"name\":\"sap.ui.layout\"},{\"name\":\"sap.ui.table\"},{\"name\":\"sap.viz\"}]},\"messages\":[{\"severity\":\"error\",\"text\":\"The application ssuite.smartbusiness.drilldown.s1 has errors and will possibly not run properly.\"},{\"severity\":\"error\",\"text\":\"Error in application dependency sap.suite.ui.commons\"},{\"severity\":\"error\",\"text\":\"Error in application dependency sap.ca.scfld.md\"},{\"severity\":\"error\",\"text\":\"Error in application dependency sap.ui.table\"},{\"severity\":\"error\",\"text\":\"Error in application dependency sap.viz\"}]}","url":"/sap/bc/ui5_ui5/sap/sb_apps_dds1","catalogId":"X-SAP-UI2-CATALOGPAGE:SAP_CA_BC_SSB","tmChipId":"00O2TPKTQCDUX1AT3IN4G9TTB"},"FioriApplication-configureSBKPITileS4HANA~6dr7":{"semanticObject":"FioriApplication","semanticAction":"configureSBKPITileS4HANA","formFactors":{"desktop":true,"tablet":true},"signature":{"additionalParameters":"allowed"},"text":"Create Tile","applicationType":"SAPUI5","applicationData":"SAPUI5.Component=ssuite.smartbusiness.tile.s1","applicationDependencies":"{\"name\":\"ssuite.smartbusiness.tile.s1\",\"url\":\"/sap/bc/ui5_ui5/sap/sb_apps_tiles1/~40516323C7241385C092BA7064C19007~5\",\"self\":{\"name\":\"ssuite.smartbusiness.tile.s1\",\"url\":\"/sap/bc/ui5_ui5/sap/sb_apps_tiles1/~40516323C7241385C092BA7064C19007~5\"},\"asyncHints\":{\"libs\":[{\"name\":\"sap.smartbusiness.lib\",\"url\":{\"url\":\"/sap/bc/ui5_ui5/sap/sb_apps_libs1/~81B455F2F264D722700528E8D25FBA91~5\",\"final\":true}},{\"name\":\"sap.m\"},{\"name\":\"sap.ui.core\"},{\"name\":\"sap.suite.ui.commons\"},{\"name\":\"sap.ca.scfld.md\"},{\"name\":\"sap.ui.layout\"}]},\"messages\":[{\"severity\":\"error\",\"text\":\"The application ssuite.smartbusiness.tile.s1 has errors and will possibly not run properly.\"},{\"severity\":\"error\",\"text\":\"Error in application dependency sap.suite.ui.commons\"},{\"severity\":\"error\",\"text\":\"Error in application dependency sap.ca.scfld.md\"}]}","url":"/sap/bc/ui5_ui5/sap/sb_apps_tiles1","catalogId":"X-SAP-UI2-CATALOGPAGE:SAP_CA_BC_SSB","tmChipId":"00O2TPKTQCDUX1AT3WLBZMQLS"},"FioriApplication-createSBKPIEvaluationS4HANA~6dr5":{"semanticObject":"FioriApplication","semanticAction":"createSBKPIEvaluationS4HANA","formFactors":{"desktop":true,"tablet":true},"signature":{"additionalParameters":"allowed"},"text":"Create Evaluation","applicationType":"SAPUI5","applicationData":"SAPUI5.Component=ssuite.smartbusiness.evaluation.s1","applicationDependencies":"{\"name\":\"ssuite.smartbusiness.evaluation.s1\",\"url\":\"/sap/bc/ui5_ui5/sap/sb_apps_evals1/~06B68990DB7A8FC2603FE7581E4242F8~5\",\"self\":{\"name\":\"ssuite.smartbusiness.evaluation.s1\",\"url\":\"/sap/bc/ui5_ui5/sap/sb_apps_evals1/~06B68990DB7A8FC2603FE7581E4242F8~5\"},\"asyncHints\":{\"libs\":[{\"name\":\"sap.smartbusiness.lib\",\"url\":{\"url\":\"/sap/bc/ui5_ui5/sap/sb_apps_libs1/~81B455F2F264D722700528E8D25FBA91~5\",\"final\":true}},{\"name\":\"sap.m\"},{\"name\":\"sap.ui.core\"},{\"name\":\"sap.ca.scfld.md\"},{\"name\":\"sap.ui.layout\"}]},\"messages\":[{\"severity\":\"error\",\"text\":\"The application ssuite.smartbusiness.evaluation.s1 has errors and will possibly not run properly.\"},{\"severity\":\"error\",\"text\":\"Error in application dependency sap.ca.scfld.md\"}]}","url":"/sap/bc/ui5_ui5/sap/sb_apps_evals1","catalogId":"X-SAP-UI2-CATALOGPAGE:SAP_CA_BC_SSB","tmChipId":"00O2TPKTQCDUX1AT36A96CHTB"},"FioriApplication-createSBKPIS4HANA~6dr8":{"semanticObject":"FioriApplication","semanticAction":"createSBKPIS4HANA","formFactors":{"desktop":true,"tablet":true},"signature":{"additionalParameters":"allowed"},"text":"Create KPI","applicationType":"SAPUI5","applicationData":"SAPUI5.Component=ssuite.smartbusiness.kpi.s1","applicationDependencies":"{\"name\":\"ssuite.smartbusiness.kpi.s1\",\"url\":\"/sap/bc/ui5_ui5/sap/sb_apps_kpis1/~2074089663445A92CE2CB391662CB945~5\",\"self\":{\"name\":\"ssuite.smartbusiness.kpi.s1\",\"url\":\"/sap/bc/ui5_ui5/sap/sb_apps_kpis1/~2074089663445A92CE2CB391662CB945~5\"},\"asyncHints\":{\"libs\":[{\"name\":\"sap.smartbusiness.lib\",\"url\":{\"url\":\"/sap/bc/ui5_ui5/sap/sb_apps_libs1/~81B455F2F264D722700528E8D25FBA91~5\",\"final\":true}},{\"name\":\"sap.m\"},{\"name\":\"sap.ui.core\"},{\"name\":\"sap.ca.scfld.md\"},{\"name\":\"sap.ui.layout\"}]},\"messages\":[{\"severity\":\"error\",\"text\":\"The application ssuite.smartbusiness.kpi.s1 has errors and will possibly not run properly.\"},{\"severity\":\"error\",\"text\":\"Error in application dependency sap.ca.scfld.md\"}]}","url":"/sap/bc/ui5_ui5/sap/sb_apps_kpis1","catalogId":"X-SAP-UI2-CATALOGPAGE:SAP_CA_BC_SSB","tmChipId":"00O2TPKTQCDUX1AT46N9POROX"},"FioriApplication-editAPFConfigurationS4HANA~6dpF":{"semanticObject":"FioriApplication","semanticAction":"editAPFConfigurationS4HANA","formFactors":{"desktop":true},"signature":{"additionalParameters":"allowed"},"text":"APF Configuration","applicationType":"SAPUI5","applicationData":"SAPUI5.Component=fnd.apf.dts1","applicationDependencies":"{\"name\":\"fnd.apf.dts1\",\"url\":\"/sap/bc/ui5_ui5/sap/af_apf_mods1/~83701E5A36C07A66388449DE38AF11C3~5\",\"manifestUrl\":\"/sap/bc/lrep/content/~20160520144853.9886460~/apps/fnd.apf.dts1/app/sap/af_apf_mods1/manifest.appdescr\",\"self\":{\"name\":\"fnd.apf.dts1\",\"url\":\"/sap/bc/ui5_ui5/sap/af_apf_mods1/~83701E5A36C07A66388449DE38AF11C3~5\"},\"asyncHints\":{\"libs\":[{\"name\":\"sap.ui.layout\"},{\"name\":\"sap.ui.core\"},{\"name\":\"sap.m\"},{\"name\":\"sap.ushell\"},{\"name\":\"sap.ca.ui\"},{\"name\":\"sap.viz\"},{\"name\":\"sap.apf\"}],\"components\":[{\"name\":\"sap.apf.modeler\"}]},\"messages\":[{\"severity\":\"error\",\"text\":\"The application fnd.apf.dts1 has errors and will possibly not run properly.\"},{\"severity\":\"error\",\"text\":\"Error in application dependency sap.ushell\"},{\"severity\":\"error\",\"text\":\"Error in application dependency sap.ca.ui\"},{\"severity\":\"error\",\"text\":\"Error in application dependency sap.viz\"}]}","url":"/sap/bc/ui5_ui5/sap/af_apf_mods1/","catalogId":"X-SAP-UI2-CATALOGPAGE:SAP_CA_BC_APF_MODELING","tmChipId":"00O2TO9JBQW5ADXI1REFD8VXZ"},"FioriApplication-executeAPFConfigurationS4HANA~655U":{"semanticObject":"FioriApplication","semanticAction":"executeAPFConfigurationS4HANA","formFactors":{"desktop":true,"tablet":true},"signature":{"additionalParameters":"allowed","parameters":{"sap-apf-configuration-id":{"required":true}}},"text":"Execute APF Configuration","applicationType":"SAPUI5","applicationData":"SAPUI5.Component=fnd.apf.rts1","applicationDependencies":"{\"name\":\"fnd.apf.rts1\",\"url\":\"/sap/bc/ui5_ui5/sap/af_apf_launchs1/~6FD0A46FCC460601BBC9DA75CE5F8E04~5\",\"manifestUrl\":\"/sap/bc/lrep/content/~20160520144854.2703750~/apps/fnd.apf.rts1/app/sap/af_apf_launchs1/manifest.appdescr\",\"self\":{\"name\":\"fnd.apf.rts1\",\"url\":\"/sap/bc/ui5_ui5/sap/af_apf_launchs1/~6FD0A46FCC460601BBC9DA75CE5F8E04~5\"},\"asyncHints\":{\"libs\":[{\"name\":\"sap.ui.layout\"},{\"name\":\"sap.ui.core\"},{\"name\":\"sap.ui.comp\"},{\"name\":\"sap.suite.ui.microchart\",\"lazy\":true},{\"name\":\"sap.ui.table\"},{\"name\":\"sap.ui.fl\"},{\"name\":\"sap.m\"},{\"name\":\"sap.ushell\"},{\"name\":\"sap.ca.ui\"},{\"name\":\"sap.viz\"},{\"name\":\"sap.apf\"}],\"components\":[{\"name\":\"sap.apf.base\"}]},\"messages\":[{\"severity\":\"error\",\"text\":\"The application fnd.apf.rts1 has errors and will possibly not run properly.\"},{\"severity\":\"error\",\"text\":\"Error in application dependency sap.suite.ui.microchart\"},{\"severity\":\"error\",\"text\":\"Error in application dependency sap.ui.table\"},{\"severity\":\"error\",\"text\":\"Error in application dependency sap.ushell\"},{\"severity\":\"error\",\"text\":\"Error in application dependency sap.ca.ui\"},{\"severity\":\"error\",\"text\":\"Error in application dependency sap.viz\"}]}","url":"/sap/bc/ui5_ui5/sap/af_apf_launchs1/","catalogId":"X-SAP-UI2-CATALOGPAGE:SAP_CA_BC_APF_EXECUTION","tmChipId":"00O2TO9JBQW5ADXHZNRE05WON"},"FioriApplication-manageSBKPIAssociationS4HANA~6drb":{"semanticObject":"FioriApplication","semanticAction":"manageSBKPIAssociationS4HANA","formFactors":{"desktop":true,"tablet":true},"signature":{"additionalParameters":"allowed"},"text":"Manage Associations","applicationType":"SAPUI5","applicationData":"SAPUI5.Component=ssuite.smartbusiness.association.s1","applicationDependencies":"{\"name\":\"ssuite.smartbusiness.association.s1\",\"url\":\"/sap/bc/ui5_ui5/sap/sb_apps_assocs1/~615AC943839B3D44B49769AB41972BEC~5\",\"self\":{\"name\":\"ssuite.smartbusiness.association.s1\",\"url\":\"/sap/bc/ui5_ui5/sap/sb_apps_assocs1/~615AC943839B3D44B49769AB41972BEC~5\"},\"asyncHints\":{\"libs\":[{\"name\":\"sap.smartbusiness.lib\",\"url\":{\"url\":\"/sap/bc/ui5_ui5/sap/sb_apps_libs1/~81B455F2F264D722700528E8D25FBA91~5\",\"final\":true}},{\"name\":\"sap.m\"},{\"name\":\"sap.ui.core\"},{\"name\":\"sap.ca.scfld.md\"},{\"name\":\"sap.ui.layout\"}]},\"messages\":[{\"severity\":\"error\",\"text\":\"The application ssuite.smartbusiness.association.s1 has errors and will possibly not run properly.\"},{\"severity\":\"error\",\"text\":\"Error in application dependency sap.ca.scfld.md\"}]}","url":"/sap/bc/ui5_ui5/sap/sb_apps_assocs1","catalogId":"X-SAP-UI2-CATALOGPAGE:SAP_CA_BC_SSB","tmChipId":"00O2TPKTQNBJCDOBBXGWGSTVU"},"MasterDataHierarchy-manage~6kdX":{"semanticObject":"MasterDataHierarchy","semanticAction":"manage","formFactors":{"desktop":true,"tablet":true},"signature":{"additionalParameters":"allowed"},"text":"Manage Hierarchies","applicationType":"SAPUI5","applicationData":"SAPUI5.Component=fcg.cmd.manage.hierarchies","applicationDependencies":"{\"name\":\"fcg.cmd.manage.hierarchies\",\"url\":\"/sap/bc/ui5_ui5/sap/md_hry_man_s1/~AD7035EFB6A93098CA8C9B0A74D0CCD1~5\",\"manifestUrl\":\"/sap/bc/lrep/content/~20160523180609.6864560~/apps/fcg.cmd.manage.hierarchies/app/sap/md_hry_man_s1/manifest.appdescr\",\"self\":{\"name\":\"fcg.cmd.manage.hierarchies\",\"url\":\"/sap/bc/ui5_ui5/sap/md_hry_man_s1/~AD7035EFB6A93098CA8C9B0A74D0CCD1~5\"},\"asyncHints\":{\"libs\":[{\"name\":\"sap.ui.layout\"},{\"name\":\"sap.ui.core\"},{\"name\":\"sap.m\"}]}}","url":"/sap/bc/ui5_ui5/sap/md_hry_man_s1","catalogId":"X-SAP-UI2-CATALOGPAGE:SAP_CMD_BC_HRY_MAN","tmChipId":"ET090M0NO76W99GM22GNZXLUB"},"SalesContract-change~6oD8":{"semanticObject":"SalesContract","semanticAction":"change","formFactors":{"desktop":true},"signature":{"additionalParameters":"ignored","parameters":{"SalesContract":{"renameTo":"VBAK-VBELN"},"DYNP_OKCODE":{"defaultValue":{"value":"UER1"}}}},"text":"Change Contract","applicationType":"TR","url":"https://ldcier9.wdf.sap.corp:44300/sap/bc/gui/sap/its/webgui;~sysid=ER9;~loginGroup=PUBLIC;~messageServer=10.76.181.178?%7etransaction=VA42&%7enosplash=1&sap-client=001&sap-language=EN","systemAlias":"S4SD","catalogId":"X-SAP-UI2-CATALOGPAGE:SAP_SD_BC_SLS_LIST_OP","tmChipId":"ET090PW4NWFHY5L6W72QOT6KA"},"SalesContract-list~6oD0":{"semanticObject":"SalesContract","semanticAction":"list","formFactors":{"desktop":true},"signature":{"additionalParameters":"ignored"},"text":"List Contracts","applicationType":"TR","url":"https://ldcier9.wdf.sap.corp:44300/sap/bc/gui/sap/its/webgui;~sysid=ER9;~loginGroup=PUBLIC;~messageServer=10.76.181.178?%7etransaction=VA45&%7enosplash=1&sap-client=001&sap-language=EN","systemAlias":"S4SD","catalogId":"X-SAP-UI2-CATALOGPAGE:SAP_SD_BC_SLS_LIST_OP","tmChipId":"ET090PW4NWFHY5L6O2HV8FWGK"},"SalesInquiry-change~6oDa":{"semanticObject":"SalesInquiry","semanticAction":"change","formFactors":{"desktop":true},"signature":{"additionalParameters":"ignored"},"text":"Change Inquiry","applicationType":"TR","url":"https://ldcier9.wdf.sap.corp:44300/sap/bc/gui/sap/its/webgui;~sysid=ER9;~loginGroup=PUBLIC;~messageServer=10.76.181.178?%7etransaction=VA12&%7enosplash=1&sap-client=001&sap-language=EN","systemAlias":"S4SD","catalogId":"X-SAP-UI2-CATALOGPAGE:SAP_SD_BC_SLS_LIST_OP","tmChipId":"ET090PW4NWFHY5L6XWCUY9WG9"},"SalesInquiry-list~6oCY":{"semanticObject":"SalesInquiry","semanticAction":"list","formFactors":{"desktop":true},"signature":{"additionalParameters":"ignored"},"text":"List Inquiries","applicationType":"TR","url":"https://ldcier9.wdf.sap.corp:44300/sap/bc/gui/sap/its/webgui;~sysid=ER9;~loginGroup=PUBLIC;~messageServer=10.76.181.178?%7etransaction=VA15&%7enosplash=1&sap-client=001&sap-language=EN","systemAlias":"S4SD","catalogId":"X-SAP-UI2-CATALOGPAGE:SAP_SD_BC_SLS_LIST_OP","tmChipId":"ET090PW4NWFHY5L6LY5VZ1PF9"},"SalesOrder-analyzeIncoming~6oCU":{"semanticObject":"SalesOrder","semanticAction":"analyzeIncoming","formFactors":{"desktop":true},"signature":{"additionalParameters":"ignored"},"text":"Incoming Sales Orders","applicationType":"NWBC","url":"https://ldcier9.wdf.sap.corp:44300/sap/bc/ui2/nwbc/~canvas;window=app/wda/SD_FPM_OVP_INCOMINGSLSORDERS/?sap-client=001&sap-wd-configId=SD_FPM_OVP_INCOMINGSLSORDERS&sap-language=EN","systemAlias":"S4SD","catalogId":"X-SAP-UI2-CATALOGPAGE:SAP_SD_BC_SALES_ANLYTS_OP","tmChipId":"ET090PW4NWFHY5L8H93Y16RG3"},"SalesOrder-change~6oD9":{"semanticObject":"SalesOrder","semanticAction":"change","formFactors":{"desktop":true},"signature":{"additionalParameters":"ignored","parameters":{"SalesOrder":{"required":true,"renameTo":"VBAK-VBELN"},"DYNP_OKCODE":{"defaultValue":{"value":"UER1"}}}},"text":"Change Sales Order","applicationType":"TR","url":"https://ldcier9.wdf.sap.corp:44300/sap/bc/gui/sap/its/webgui;~sysid=ER9;~loginGroup=PUBLIC;~messageServer=10.76.181.178?%7etransaction=VA02&%7enosplash=1&sap-client=001&sap-language=EN","systemAlias":"S4SD","catalogId":"X-SAP-UI2-CATALOGPAGE:SAP_SD_BC_SLS_LIST_OP","tmChipId":"ET090PW4NWFHY5L6X01IYYHDW"},"SalesOrder-displayItemProposal~6oD3":{"semanticObject":"SalesOrder","semanticAction":"displayItemProposal","formFactors":{"desktop":true},"signature":{"additionalParameters":"ignored"},"text":"Display Item Proposal","applicationType":"TR","url":"https://ldcier9.wdf.sap.corp:44300/sap/bc/gui/sap/its/webgui;~sysid=ER9;~loginGroup=PUBLIC;~messageServer=10.76.181.178?%7etransaction=VA53&%7enosplash=1&sap-client=001&sap-language=EN","systemAlias":"S4SD","catalogId":"X-SAP-UI2-CATALOGPAGE:SAP_SD_BC_SLS_LIST_OP","tmChipId":"ET090PW4NWFHY5L6R34YPEYBF"},"SalesOrder-duplicateSalesDocuments~6oD2":{"semanticObject":"SalesOrder","semanticAction":"duplicateSalesDocuments","formFactors":{"desktop":true},"signature":{"additionalParameters":"ignored"},"text":"List Duplicate Sales Orders","applicationType":"TR","url":"https://ldcier9.wdf.sap.corp:44300/sap/bc/gui/sap/its/webgui;~sysid=ER9;~loginGroup=PUBLIC;~messageServer=10.76.181.178?%7etransaction=SDD1&%7enosplash=1&sap-client=001&sap-language=EN","systemAlias":"S4SD","catalogId":"X-SAP-UI2-CATALOGPAGE:SAP_SD_BC_SLS_LIST_OP","tmChipId":"ET090PW4NWFHY5L6PLZ9K11KE"},"SalesOrder-listIncompleteSalesDocuments~6oD6":{"semanticObject":"SalesOrder","semanticAction":"listIncompleteSalesDocuments","formFactors":{"desktop":true},"signature":{"additionalParameters":"ignored"},"text":"List Incomplete Sales Documents","applicationType":"TR","url":"https://ldcier9.wdf.sap.corp:44300/sap/bc/gui/sap/its/webgui;~sysid=ER9;~loginGroup=PUBLIC;~messageServer=10.76.181.178?%7etransaction=V.01&%7enosplash=1&sap-client=001&sap-language=EN","systemAlias":"S4SD","catalogId":"X-SAP-UI2-CATALOGPAGE:SAP_SD_BC_SLS_LIST_OP","tmChipId":"ET090PW4NWFHY5L6TZV800AQV"},"SalesOrder-listItemProposal~6oD4":{"semanticObject":"SalesOrder","semanticAction":"listItemProposal","formFactors":{"desktop":true},"signature":{"additionalParameters":"ignored"},"text":"List Item Proposals","applicationType":"TR","url":"https://ldcier9.wdf.sap.corp:44300/sap/bc/gui/sap/its/webgui;~sysid=ER9;~loginGroup=PUBLIC;~messageServer=10.76.181.178?%7etransaction=VA55&%7enosplash=1&sap-client=001&sap-language=EN","systemAlias":"S4SD","catalogId":"X-SAP-UI2-CATALOGPAGE:SAP_SD_BC_SLS_LIST_OP","tmChipId":"ET090PW4NWFHY5L6RL6V2GQ4F"},"SalesOrder-listSalesDocumentsByObjectStatus~6oD5":{"semanticObject":"SalesOrder","semanticAction":"listSalesDocumentsByObjectStatus","formFactors":{"desktop":true},"signature":{"additionalParameters":"ignored"},"text":"List Sales Documents","applicationType":"TR","url":"https://ldcier9.wdf.sap.corp:44300/sap/bc/gui/sap/its/webgui;~sysid=ER9;~loginGroup=PUBLIC;~messageServer=10.76.181.178?%7etransaction=V.26&%7enosplash=1&sap-client=001&sap-language=EN","systemAlias":"S4SD","catalogId":"X-SAP-UI2-CATALOGPAGE:SAP_SD_BC_SLS_LIST_OP","tmChipId":"ET090PW4NWFHY5L6TDOU58H9D"},"SalesOrder-list~6oD1":{"semanticObject":"SalesOrder","semanticAction":"list","formFactors":{"desktop":true},"signature":{"additionalParameters":"ignored"},"text":"List Sales Orders","applicationType":"TR","url":"https://ldcier9.wdf.sap.corp:44300/sap/bc/gui/sap/its/webgui;~sysid=ER9;~loginGroup=PUBLIC;~messageServer=10.76.181.178?%7etransaction=VA05&%7enosplash=1&sap-client=001&sap-language=EN","systemAlias":"S4SD","catalogId":"X-SAP-UI2-CATALOGPAGE:SAP_SD_BC_SLS_LIST_OP","tmChipId":"ET090PW4NWFHY5L6P44RDAYHX"},"SalesQuotation-change~6oD7":{"semanticObject":"SalesQuotation","semanticAction":"change","formFactors":{"desktop":true},"signature":{"additionalParameters":"ignored","parameters":{"SalesQuotation":{"renameTo":"VBAK-VBELN"},"DYNP_OKCODE":{"defaultValue":{"value":"UER1"}}}},"text":"Change Quotation","applicationType":"TR","url":"https://ldcier9.wdf.sap.corp:44300/sap/bc/gui/sap/its/webgui;~sysid=ER9;~loginGroup=PUBLIC;~messageServer=10.76.181.178?%7etransaction=VA22&%7enosplash=1&sap-client=001&sap-language=EN","systemAlias":"S4SD","catalogId":"X-SAP-UI2-CATALOGPAGE:SAP_SD_BC_SLS_LIST_OP","tmChipId":"ET090PW4NWFHY5L6VREE9A7P1"},"SalesQuotation-list~6oCZ":{"semanticObject":"SalesQuotation","semanticAction":"list","formFactors":{"desktop":true},"signature":{"additionalParameters":"ignored"},"text":"List Quotations","applicationType":"TR","url":"https://ldcier9.wdf.sap.corp:44300/sap/bc/gui/sap/its/webgui;~sysid=ER9;~loginGroup=PUBLIC;~messageServer=10.76.181.178?%7etransaction=VA25&%7enosplash=1&sap-client=001&sap-language=EN","systemAlias":"S4SD","catalogId":"X-SAP-UI2-CATALOGPAGE:SAP_SD_BC_SLS_LIST_OP","tmChipId":"ET090PW4NWFHY5L6MSGZQ0005"},"SalesSchedulingAgreement-list~6oDb":{"semanticObject":"SalesSchedulingAgreement","semanticAction":"list","formFactors":{"desktop":true},"signature":{"additionalParameters":"ignored"},"text":"List Scheduling Agreements","applicationType":"TR","url":"https://ldcier9.wdf.sap.corp:44300/sap/bc/gui/sap/its/webgui;~sysid=ER9;~loginGroup=PUBLIC;~messageServer=10.76.181.178?%7etransaction=VA35&%7enosplash=1&sap-client=001&sap-language=EN","systemAlias":"S4SD","catalogId":"X-SAP-UI2-CATALOGPAGE:SAP_SD_BC_SLS_LIST_OP","tmChipId":"ET090PW4NWFHY5L6YM5C7EKK0"}},"systemAliases":[{"id":"S4LO","client":"001","https":{"id":"S4LO_HTTPS","host":"ldcier9.wdf.sap.corp","port":44300},"rfc":{"id":"S4LO_RFC","systemId":"ER9","host":"10.76.181.178","service":32,"loginGroup":"PUBLIC"}},{"id":"S4SD","client":"001","https":{"id":"S4SD_HTTPS","host":"ldcier9.wdf.sap.corp","port":44300},"rfc":{"id":"S4SD_RFC","systemId":"ER9","host":"10.76.181.178","service":32,"loginGroup":"PUBLIC"}}]}