{"analyticalConfigurationName":"zJerryTestConfiguration","applicationTitle":{"type":"label","kind":"text","key":"14638100006107299915341406276433"},"steps":[{"type":"step","description":"Product Analysis","request":"request-for-Step-1","binding":"binding-for-Step-1","id":"Step-1","title":{"type":"label","kind":"text","key":"14638101792344128183865116610834"},"navigationTargets":[]}],"requests":[{"type":"request","id":"request-for-Step-1","service":"/sap/opu/odata/sap/Z_C_PRODUCT_CDS","entitySet":"Z_C_PRODUCT","selectProperties":["prod_id","prod_text","quantity"]}],"bindings":[{"type":"binding","id":"binding-for-Step-1","stepDescription":"Product Analysis","requiredFilters":["prod_id"],"representations":[{"id":"Step-1-Representation-1","representationTypeId":"ColumnChart","parameter":{"dimensions":[{"fieldName":"prod_id","kind":"xAxis","fieldDesc":{"type":"label","kind":"text","key":"14638103155996295309478677080636"},"labelDisplayOption":"key"}],"measures":[{"fieldName":"quantity","kind":"yAxis","fieldDesc":{"type":"label","kind":"text","key":"14638103196258644332045916106619"}}],"properties":[],"alternateRepresentationTypeId":"TableRepresentation","width":{}}},{"id":"Step-1-Representation-2","representationTypeId":"TableRepresentation","parameter":{"dimensions":[],"measures":[],"properties":[{"fieldName":"prod_id","kind":"column","fieldDesc":{"type":"label","kind":"text","key":"14638103155996295309478677080636"}},{"fieldName":"prod_text","kind":"column","fieldDesc":{"type":"label","kind":"text","key":"14638105776075446177539763700155"}},{"fieldName":"quantity","kind":"column","fieldDesc":{"type":"label","kind":"text","key":"14638111153178108440334615765600"}}],"width":{}}},{"id":"Step-1-Representation-3","representationTypeId":"LineChart","parameter":{"dimensions":[{"fieldName":"prod_id","kind":"xAxis","fieldDesc":{"type":"label","kind":"text","key":"14638103155996295309478677080636"},"labelDisplayOption":"key"}],"measures":[{"fieldName":"quantity","kind":"yAxis","fieldDesc":{"type":"label","kind":"text","key":"14638103196258644332045916106619"}}],"properties":[],"alternateRepresentationTypeId":"TableRepresentation","width":{}}},{"id":"Step-1-Representation-4","representationTypeId":"BarChart","parameter":{"dimensions":[{"fieldName":"prod_id","kind":"xAxis","fieldDesc":{"type":"label","kind":"text","key":"14638103155996295309478677080636"},"labelDisplayOption":"key"},{"fieldName":"prod_text","kind":"legend","fieldDesc":{"type":"label","kind":"text","key":"14638175649206977256577158674276"},"labelDisplayOption":"key"}],"measures":[{"fieldName":"quantity","kind":"yAxis","fieldDesc":{"type":"label","kind":"text","key":"14638103196258644332045916106619"}}],"properties":[],"alternateRepresentationTypeId":"TableRepresentation","width":{}}},{"id":"Step-1-Representation-5","representationTypeId":"PieChart","parameter":{"dimensions":[{"fieldName":"prod_id","kind":"sectorColor","fieldDesc":{"type":"label","kind":"text","key":"14638103155996295309478677080636"},"labelDisplayOption":"key"}],"measures":[{"fieldName":"quantity","kind":"sectorSize","fieldDesc":{"type":"label","kind":"text","key":"14638103196258644332045916106619"}}],"properties":[],"alternateRepresentationTypeId":"TableRepresentation","width":{}}},{"id":"Step-1-Representation-6","representationTypeId":"BubbleChart","parameter":{"dimensions":[{"fieldName":"prod_id","kind":"regionColor","labelDisplayOption":"key"}],"measures":[{"fieldName":"quantity","kind":"bubbleWidth"}],"properties":[],"alternateRepresentationTypeId":"TableRepresentation","width":{}}}]}],"representationTypes":[],"categories":[{"type":"category","description":"zProduct_analysis_category","id":"Category-1","label":{"type":"label","kind":"text","key":"14638101362891864736284141312622"},"steps":[{"type":"step","id":"Step-1"}]}],"navigationTargets":[],"smartFilterBar":{"id":"SmartFilterBar-1","type":"smartFilterBar","service":"/sap/opu/odata/sap/Z_C_PRODUCT_CDS","entityType":"Z_C_PRODUCTType"},"configHeader":{"Application":"14638099251984376548304796678006","ApplicationName":"AJerry_test","SemanticObject":"","AnalyticalConfiguration":"14638100006405115631366280507841","AnalyticalConfigurationName":"zJerryTestConfiguration","UI5Version":"1.39.0-SNAPSHOT","CreationUTCDateTime":"2016-05-21T05:53:15.0885930Z","LastChangeUTCDateTime":"2016-05-21T08:06:50.7301750Z"}}