<?xml version="1.0" encoding="utf-8"?><edmx:Edmx Version="1.0" xmlns:edmx="http://schemas.microsoft.com/ado/2007/06/edmx" xmlns:m="http://schemas.microsoft.com/ado/2007/08/dataservices/metadata" xmlns:sap="http://www.sap.com/Protocols/SAPData"><edmx:Reference Uri="https://webidetesting3362863-fiori.dispatcher.neo.ondemand.com/sap/opu/odata/IWFND/CATALOGSERVICE;v=2/Vocabularies(TechnicalName='%2FIWBEP%2FVOC_COMMON',Version='0001',SAP__Origin='LOCAL')/$value" xmlns:edmx="http://docs.oasis-open.org/odata/ns/edmx"><edmx:Include Namespace="com.sap.vocabularies.Common.v1" Alias="Common"/></edmx:Reference><edmx:DataServices m:DataServiceVersion="2.0"><Schema Namespace="sap.com.cds_zjerrytest20160311" xml:lang="en" sap:schema-version="1" xmlns="http://schemas.microsoft.com/ado/2008/09/edm"><EntityType Name="Zjerrytest20160311Type" sap:label="test odata publish" sap:content-version="1"><Key><PropertyRef Name="Jerryid"/><PropertyRef Name="name"/><PropertyRef Name="startLocation"/><PropertyRef Name="target"/><PropertyRef Name="connid"/></Key><Property Name="Jerryid" Type="Edm.String" Nullable="false" MaxLength="3" sap:display-format="UpperCase" sap:label="Airline"/><Property Name="name" Type="Edm.String" Nullable="false" MaxLength="20" sap:label="Airline"/><Property Name="startLocation" Type="Edm.String" Nullable="false" MaxLength="20" sap:display-format="UpperCase" sap:label="Depart. city"/><Property Name="target" Type="Edm.String" Nullable="false" MaxLength="20" sap:display-format="UpperCase" sap:label="Arrival city"/><Property Name="connid" Type="Edm.String" Nullable="false" MaxLength="4" sap:display-format="NonNegative" sap:label="Connection Number"/></EntityType><EntityContainer Name="sap.com.cds_zjerrytest20160311_Entities" m:IsDefaultEntityContainer="true" sap:supported-formats="atom json xlsx"><EntitySet Name="Zjerrytest20160311" EntityType="sap.com.cds_zjerrytest20160311.Zjerrytest20160311Type" sap:content-version="1"/></EntityContainer><atom:link rel="self" href="https://webidetesting3362863-fiori.dispatcher.neo.ondemand.com/sap/opu/odata/sap/ZJERRYTEST20160311_CDS/$metadata" xmlns:atom="http://www.w3.org/2005/Atom"/><atom:link rel="latest-version" href="https://webidetesting3362863-fiori.dispatcher.neo.ondemand.com/sap/opu/odata/sap/ZJERRYTEST20160311_CDS/$metadata" xmlns:atom="http://www.w3.org/2005/Atom"/></Schema></edmx:DataServices></edmx:Edmx>