<?xml version="1.0" encoding="utf-8"?><edmx:Edmx Version="4.0" xmlns:edmx="http://docs.oasis-open.org/odata/ns/edmx"><edmx:Reference Uri="https://DEWDFGWD01082.WDF.SAP.CORP:2030/sap/opu/odata/IWFND/CATALOGSERVICE;v=2/Vocabularies(TechnicalName='%2FIWBEP%2FVOC_COMMON',Version='0001',SAP__Origin='AG3_001')/$value"><edmx:Include Namespace="com.sap.vocabularies.Common.v1" Alias="Common"/></edmx:Reference><edmx:Reference Uri="https://DEWDFGWD01082.WDF.SAP.CORP:2030/sap/opu/odata/IWFND/CATALOGSERVICE;v=2/Vocabularies(TechnicalName='%2FIWBEP%2FVOC_UI',Version='0001',SAP__Origin='AG3_001')/$value"><edmx:Include Namespace="com.sap.vocabularies.UI.v1" Alias="UI"/></edmx:Reference><edmx:Reference Uri="https://DEWDFGWD01082.WDF.SAP.CORP:2030/sap/opu/odata/IWFND/CATALOGSERVICE;v=2/Vocabularies(TechnicalName='%2FIWBEP%2FVOC_COMMUNICATION',Version='0001',SAP__Origin='AG3_001')/$value"><edmx:Include Namespace="com.sap.vocabularies.Communication.v1" Alias="Communication"/></edmx:Reference><edmx:Reference Uri="https://DEWDFGWD01082.WDF.SAP.CORP:2030/sap/opu/odata/SAP/ZJERRYTEST20160316_CDS"><edmx:Include Namespace="ZJERRYTEST20160316_CDS" Alias="SAP"/></edmx:Reference><edmx:DataServices><Schema Namespace="zjerrytest20160316_cds_van.v1" xmlns="http://docs.oasis-open.org/odata/ns/edm"><Annotations Target="sap.com.cds_zjerrytest20160316.Zjerrytest20160316Type"><Annotation Term="UI.LineItem"><Collection><Record Type="UI.DataField"><PropertyValue Property="Value" Path="Jerryid"/></Record><Record Type="UI.DataField"><PropertyValue Property="Value" Path="name"/></Record><Record Type="UI.DataField"><PropertyValue Property="Value" Path="startLocation"/></Record><Record Type="UI.DataField"><PropertyValue Property="Value" Path="target"/></Record><Record Type="UI.DataField"><PropertyValue Property="Value" Path="connid"/></Record></Collection></Annotation></Annotations></Schema></edmx:DataServices></edmx:Edmx>