<feed 
    xmlns="http://www.w3.org/2005/Atom" 
    xmlns:m="http://schemas.microsoft.com/ado/2007/08/dataservices/metadata" 
    xmlns:d="http://schemas.microsoft.com/ado/2007/08/dataservices" xml:base="https://ldciag3.wdf.sap.corp:44354/sap/opu/odata/sap/ZCWHOLE_CDS/">
    <id>https://ldciag3.wdf.sap.corp:44354/sap/opu/odata/sap/ZCWHOLE_CDS/Zcwhole(carrid='LH',connid='0400')/to_Item</id>
    <title type="text">Zchild</title>
    <updated>2016-03-17T10:52:04Z</updated>
    <author>
        <name/>
    </author>
    <link href="Zcwhole(carrid='LH',connid='0400')/to_Item" rel="self" title="Zchild"/>
    <entry>
        <id>https://ldciag3.wdf.sap.corp:44354/sap/opu/odata/sap/ZCWHOLE_CDS/Zchild(carrid='LH',connid='0400',fldate=datetime'2015-03-28T00%3A00%3A00')</id>
        <title type="text">Zchild(carrid='LH',connid='0400',fldate=datetime'2015-03-28T00%3A00%3A00')</title>
        <updated>2016-03-17T10:52:04Z</updated>
        <category term="sap.com.cds_zcwhole.ZchildType" scheme="http://schemas.microsoft.com/ado/2007/08/dataservices/scheme"/>
        <link href="Zchild(carrid='LH',connid='0400',fldate=datetime'2015-03-28T00%3A00%3A00')" rel="self" title="ZchildType"/>
        <link href="Zchild(carrid='LH',connid='0400',fldate=datetime'2015-03-28T00%3A00%3A00')/to_SalesOrder" rel="http://schemas.microsoft.com/ado/2007/08/dataservices/related/to_SalesOrder" type="application/atom+xml;type=entry" title="to_SalesOrder"/>
        <content type="application/xml">
            <m:properties 
                xmlns:m="http://schemas.microsoft.com/ado/2007/08/dataservices/metadata" 
                xmlns:d="http://schemas.microsoft.com/ado/2007/08/dataservices">
                <d:carrid>LH</d:carrid>
                <d:connid>0400</d:connid>
                <d:fldate>2015-03-28T00:00:00</d:fldate>
            </m:properties>
        </content>
    </entry>
    <entry>
        <id>https://ldciag3.wdf.sap.corp:44354/sap/opu/odata/sap/ZCWHOLE_CDS/Zchild(carrid='LH',connid='0400',fldate=datetime'2015-04-25T00%3A00%3A00')</id>
        <title type="text">Zchild(carrid='LH',connid='0400',fldate=datetime'2015-04-25T00%3A00%3A00')</title>
        <updated>2016-03-17T10:52:04Z</updated>
        <category term="sap.com.cds_zcwhole.ZchildType" scheme="http://schemas.microsoft.com/ado/2007/08/dataservices/scheme"/>
        <link href="Zchild(carrid='LH',connid='0400',fldate=datetime'2015-04-25T00%3A00%3A00')" rel="self" title="ZchildType"/>
        <link href="Zchild(carrid='LH',connid='0400',fldate=datetime'2015-04-25T00%3A00%3A00')/to_SalesOrder" rel="http://schemas.microsoft.com/ado/2007/08/dataservices/related/to_SalesOrder" type="application/atom+xml;type=entry" title="to_SalesOrder"/>
        <content type="application/xml">
            <m:properties 
                xmlns:m="http://schemas.microsoft.com/ado/2007/08/dataservices/metadata" 
                xmlns:d="http://schemas.microsoft.com/ado/2007/08/dataservices">
                <d:carrid>LH</d:carrid>
                <d:connid>0400</d:connid>
                <d:fldate>2015-04-25T00:00:00</d:fldate>
            </m:properties>
        </content>
    </entry>
    <entry>
        <id>https://ldciag3.wdf.sap.corp:44354/sap/opu/odata/sap/ZCWHOLE_CDS/Zchild(carrid='LH',connid='0400',fldate=datetime'2015-05-23T00%3A00%3A00')</id>
        <title type="text">Zchild(carrid='LH',connid='0400',fldate=datetime'2015-05-23T00%3A00%3A00')</title>
        <updated>2016-03-17T10:52:04Z</updated>
        <category term="sap.com.cds_zcwhole.ZchildType" scheme="http://schemas.microsoft.com/ado/2007/08/dataservices/scheme"/>
        <link href="Zchild(carrid='LH',connid='0400',fldate=datetime'2015-05-23T00%3A00%3A00')" rel="self" title="ZchildType"/>
        <link href="Zchild(carrid='LH',connid='0400',fldate=datetime'2015-05-23T00%3A00%3A00')/to_SalesOrder" rel="http://schemas.microsoft.com/ado/2007/08/dataservices/related/to_SalesOrder" type="application/atom+xml;type=entry" title="to_SalesOrder"/>
        <content type="application/xml">
            <m:properties 
                xmlns:m="http://schemas.microsoft.com/ado/2007/08/dataservices/metadata" 
                xmlns:d="http://schemas.microsoft.com/ado/2007/08/dataservices">
                <d:carrid>LH</d:carrid>
                <d:connid>0400</d:connid>
                <d:fldate>2015-05-23T00:00:00</d:fldate>
            </m:properties>
        </content>
    </entry>
    <entry>
        <id>https://ldciag3.wdf.sap.corp:44354/sap/opu/odata/sap/ZCWHOLE_CDS/Zchild(carrid='LH',connid='0400',fldate=datetime'2015-06-20T00%3A00%3A00')</id>
        <title type="text">Zchild(carrid='LH',connid='0400',fldate=datetime'2015-06-20T00%3A00%3A00')</title>
        <updated>2016-03-17T10:52:04Z</updated>
        <category term="sap.com.cds_zcwhole.ZchildType" scheme="http://schemas.microsoft.com/ado/2007/08/dataservices/scheme"/>
        <link href="Zchild(carrid='LH',connid='0400',fldate=datetime'2015-06-20T00%3A00%3A00')" rel="self" title="ZchildType"/>
        <link href="Zchild(carrid='LH',connid='0400',fldate=datetime'2015-06-20T00%3A00%3A00')/to_SalesOrder" rel="http://schemas.microsoft.com/ado/2007/08/dataservices/related/to_SalesOrder" type="application/atom+xml;type=entry" title="to_SalesOrder"/>
        <content type="application/xml">
            <m:properties 
                xmlns:m="http://schemas.microsoft.com/ado/2007/08/dataservices/metadata" 
                xmlns:d="http://schemas.microsoft.com/ado/2007/08/dataservices">
                <d:carrid>LH</d:carrid>
                <d:connid>0400</d:connid>
                <d:fldate>2015-06-20T00:00:00</d:fldate>
            </m:properties>
        </content>
    </entry>
    <entry>
        <id>https://ldciag3.wdf.sap.corp:44354/sap/opu/odata/sap/ZCWHOLE_CDS/Zchild(carrid='LH',connid='0400',fldate=datetime'2015-07-18T00%3A00%3A00')</id>
        <title type="text">Zchild(carrid='LH',connid='0400',fldate=datetime'2015-07-18T00%3A00%3A00')</title>
        <updated>2016-03-17T10:52:04Z</updated>
        <category term="sap.com.cds_zcwhole.ZchildType" scheme="http://schemas.microsoft.com/ado/2007/08/dataservices/scheme"/>
        <link href="Zchild(carrid='LH',connid='0400',fldate=datetime'2015-07-18T00%3A00%3A00')" rel="self" title="ZchildType"/>
        <link href="Zchild(carrid='LH',connid='0400',fldate=datetime'2015-07-18T00%3A00%3A00')/to_SalesOrder" rel="http://schemas.microsoft.com/ado/2007/08/dataservices/related/to_SalesOrder" type="application/atom+xml;type=entry" title="to_SalesOrder"/>
        <content type="application/xml">
            <m:properties 
                xmlns:m="http://schemas.microsoft.com/ado/2007/08/dataservices/metadata" 
                xmlns:d="http://schemas.microsoft.com/ado/2007/08/dataservices">
                <d:carrid>LH</d:carrid>
                <d:connid>0400</d:connid>
                <d:fldate>2015-07-18T00:00:00</d:fldate>
            </m:properties>
        </content>
    </entry>
    <entry>
        <id>https://ldciag3.wdf.sap.corp:44354/sap/opu/odata/sap/ZCWHOLE_CDS/Zchild(carrid='LH',connid='0400',fldate=datetime'2015-08-15T00%3A00%3A00')</id>
        <title type="text">Zchild(carrid='LH',connid='0400',fldate=datetime'2015-08-15T00%3A00%3A00')</title>
        <updated>2016-03-17T10:52:04Z</updated>
        <category term="sap.com.cds_zcwhole.ZchildType" scheme="http://schemas.microsoft.com/ado/2007/08/dataservices/scheme"/>
        <link href="Zchild(carrid='LH',connid='0400',fldate=datetime'2015-08-15T00%3A00%3A00')" rel="self" title="ZchildType"/>
        <link href="Zchild(carrid='LH',connid='0400',fldate=datetime'2015-08-15T00%3A00%3A00')/to_SalesOrder" rel="http://schemas.microsoft.com/ado/2007/08/dataservices/related/to_SalesOrder" type="application/atom+xml;type=entry" title="to_SalesOrder"/>
        <content type="application/xml">
            <m:properties 
                xmlns:m="http://schemas.microsoft.com/ado/2007/08/dataservices/metadata" 
                xmlns:d="http://schemas.microsoft.com/ado/2007/08/dataservices">
                <d:carrid>LH</d:carrid>
                <d:connid>0400</d:connid>
                <d:fldate>2015-08-15T00:00:00</d:fldate>
            </m:properties>
        </content>
    </entry>
    <entry>
        <id>https://ldciag3.wdf.sap.corp:44354/sap/opu/odata/sap/ZCWHOLE_CDS/Zchild(carrid='LH',connid='0400',fldate=datetime'2015-08-28T00%3A00%3A00')</id>
        <title type="text">Zchild(carrid='LH',connid='0400',fldate=datetime'2015-08-28T00%3A00%3A00')</title>
        <updated>2016-03-17T10:52:04Z</updated>
        <category term="sap.com.cds_zcwhole.ZchildType" scheme="http://schemas.microsoft.com/ado/2007/08/dataservices/scheme"/>
        <link href="Zchild(carrid='LH',connid='0400',fldate=datetime'2015-08-28T00%3A00%3A00')" rel="self" title="ZchildType"/>
        <link href="Zchild(carrid='LH',connid='0400',fldate=datetime'2015-08-28T00%3A00%3A00')/to_SalesOrder" rel="http://schemas.microsoft.com/ado/2007/08/dataservices/related/to_SalesOrder" type="application/atom+xml;type=entry" title="to_SalesOrder"/>
        <content type="application/xml">
            <m:properties 
                xmlns:m="http://schemas.microsoft.com/ado/2007/08/dataservices/metadata" 
                xmlns:d="http://schemas.microsoft.com/ado/2007/08/dataservices">
                <d:carrid>LH</d:carrid>
                <d:connid>0400</d:connid>
                <d:fldate>2015-08-28T00:00:00</d:fldate>
            </m:properties>
        </content>
    </entry>
    <entry>
        <id>https://ldciag3.wdf.sap.corp:44354/sap/opu/odata/sap/ZCWHOLE_CDS/Zchild(carrid='LH',connid='0400',fldate=datetime'2015-09-12T00%3A00%3A00')</id>
        <title type="text">Zchild(carrid='LH',connid='0400',fldate=datetime'2015-09-12T00%3A00%3A00')</title>
        <updated>2016-03-17T10:52:04Z</updated>
        <category term="sap.com.cds_zcwhole.ZchildType" scheme="http://schemas.microsoft.com/ado/2007/08/dataservices/scheme"/>
        <link href="Zchild(carrid='LH',connid='0400',fldate=datetime'2015-09-12T00%3A00%3A00')" rel="self" title="ZchildType"/>
        <link href="Zchild(carrid='LH',connid='0400',fldate=datetime'2015-09-12T00%3A00%3A00')/to_SalesOrder" rel="http://schemas.microsoft.com/ado/2007/08/dataservices/related/to_SalesOrder" type="application/atom+xml;type=entry" title="to_SalesOrder"/>
        <content type="application/xml">
            <m:properties 
                xmlns:m="http://schemas.microsoft.com/ado/2007/08/dataservices/metadata" 
                xmlns:d="http://schemas.microsoft.com/ado/2007/08/dataservices">
                <d:carrid>LH</d:carrid>
                <d:connid>0400</d:connid>
                <d:fldate>2015-09-12T00:00:00</d:fldate>
            </m:properties>
        </content>
    </entry>
    <entry>
        <id>https://ldciag3.wdf.sap.corp:44354/sap/opu/odata/sap/ZCWHOLE_CDS/Zchild(carrid='LH',connid='0400',fldate=datetime'2015-09-28T00%3A00%3A00')</id>
        <title type="text">Zchild(carrid='LH',connid='0400',fldate=datetime'2015-09-28T00%3A00%3A00')</title>
        <updated>2016-03-17T10:52:04Z</updated>
        <category term="sap.com.cds_zcwhole.ZchildType" scheme="http://schemas.microsoft.com/ado/2007/08/dataservices/scheme"/>
        <link href="Zchild(carrid='LH',connid='0400',fldate=datetime'2015-09-28T00%3A00%3A00')" rel="self" title="ZchildType"/>
        <link href="Zchild(carrid='LH',connid='0400',fldate=datetime'2015-09-28T00%3A00%3A00')/to_SalesOrder" rel="http://schemas.microsoft.com/ado/2007/08/dataservices/related/to_SalesOrder" type="application/atom+xml;type=entry" title="to_SalesOrder"/>
        <content type="application/xml">
            <m:properties 
                xmlns:m="http://schemas.microsoft.com/ado/2007/08/dataservices/metadata" 
                xmlns:d="http://schemas.microsoft.com/ado/2007/08/dataservices">
                <d:carrid>LH</d:carrid>
                <d:connid>0400</d:connid>
                <d:fldate>2015-09-28T00:00:00</d:fldate>
            </m:properties>
        </content>
    </entry>
    <entry>
        <id>https://ldciag3.wdf.sap.corp:44354/sap/opu/odata/sap/ZCWHOLE_CDS/Zchild(carrid='LH',connid='0400',fldate=datetime'2015-10-10T00%3A00%3A00')</id>
        <title type="text">Zchild(carrid='LH',connid='0400',fldate=datetime'2015-10-10T00%3A00%3A00')</title>
        <updated>2016-03-17T10:52:04Z</updated>
        <category term="sap.com.cds_zcwhole.ZchildType" scheme="http://schemas.microsoft.com/ado/2007/08/dataservices/scheme"/>
        <link href="Zchild(carrid='LH',connid='0400',fldate=datetime'2015-10-10T00%3A00%3A00')" rel="self" title="ZchildType"/>
        <link href="Zchild(carrid='LH',connid='0400',fldate=datetime'2015-10-10T00%3A00%3A00')/to_SalesOrder" rel="http://schemas.microsoft.com/ado/2007/08/dataservices/related/to_SalesOrder" type="application/atom+xml;type=entry" title="to_SalesOrder"/>
        <content type="application/xml">
            <m:properties 
                xmlns:m="http://schemas.microsoft.com/ado/2007/08/dataservices/metadata" 
                xmlns:d="http://schemas.microsoft.com/ado/2007/08/dataservices">
                <d:carrid>LH</d:carrid>
                <d:connid>0400</d:connid>
                <d:fldate>2015-10-10T00:00:00</d:fldate>
            </m:properties>
        </content>
    </entry>
    <entry>
        <id>https://ldciag3.wdf.sap.corp:44354/sap/opu/odata/sap/ZCWHOLE_CDS/Zchild(carrid='LH',connid='0400',fldate=datetime'2015-11-07T00%3A00%3A00')</id>
        <title type="text">Zchild(carrid='LH',connid='0400',fldate=datetime'2015-11-07T00%3A00%3A00')</title>
        <updated>2016-03-17T10:52:04Z</updated>
        <category term="sap.com.cds_zcwhole.ZchildType" scheme="http://schemas.microsoft.com/ado/2007/08/dataservices/scheme"/>
        <link href="Zchild(carrid='LH',connid='0400',fldate=datetime'2015-11-07T00%3A00%3A00')" rel="self" title="ZchildType"/>
        <link href="Zchild(carrid='LH',connid='0400',fldate=datetime'2015-11-07T00%3A00%3A00')/to_SalesOrder" rel="http://schemas.microsoft.com/ado/2007/08/dataservices/related/to_SalesOrder" type="application/atom+xml;type=entry" title="to_SalesOrder"/>
        <content type="application/xml">
            <m:properties 
                xmlns:m="http://schemas.microsoft.com/ado/2007/08/dataservices/metadata" 
                xmlns:d="http://schemas.microsoft.com/ado/2007/08/dataservices">
                <d:carrid>LH</d:carrid>
                <d:connid>0400</d:connid>
                <d:fldate>2015-11-07T00:00:00</d:fldate>
            </m:properties>
        </content>
    </entry>
    <entry>
        <id>https://ldciag3.wdf.sap.corp:44354/sap/opu/odata/sap/ZCWHOLE_CDS/Zchild(carrid='LH',connid='0400',fldate=datetime'2015-12-05T00%3A00%3A00')</id>
        <title type="text">Zchild(carrid='LH',connid='0400',fldate=datetime'2015-12-05T00%3A00%3A00')</title>
        <updated>2016-03-17T10:52:04Z</updated>
        <category term="sap.com.cds_zcwhole.ZchildType" scheme="http://schemas.microsoft.com/ado/2007/08/dataservices/scheme"/>
        <link href="Zchild(carrid='LH',connid='0400',fldate=datetime'2015-12-05T00%3A00%3A00')" rel="self" title="ZchildType"/>
        <link href="Zchild(carrid='LH',connid='0400',fldate=datetime'2015-12-05T00%3A00%3A00')/to_SalesOrder" rel="http://schemas.microsoft.com/ado/2007/08/dataservices/related/to_SalesOrder" type="application/atom+xml;type=entry" title="to_SalesOrder"/>
        <content type="application/xml">
            <m:properties 
                xmlns:m="http://schemas.microsoft.com/ado/2007/08/dataservices/metadata" 
                xmlns:d="http://schemas.microsoft.com/ado/2007/08/dataservices">
                <d:carrid>LH</d:carrid>
                <d:connid>0400</d:connid>
                <d:fldate>2015-12-05T00:00:00</d:fldate>
            </m:properties>
        </content>
    </entry>
    <entry>
        <id>https://ldciag3.wdf.sap.corp:44354/sap/opu/odata/sap/ZCWHOLE_CDS/Zchild(carrid='LH',connid='0400',fldate=datetime'2016-01-02T00%3A00%3A00')</id>
        <title type="text">Zchild(carrid='LH',connid='0400',fldate=datetime'2016-01-02T00%3A00%3A00')</title>
        <updated>2016-03-17T10:52:04Z</updated>
        <category term="sap.com.cds_zcwhole.ZchildType" scheme="http://schemas.microsoft.com/ado/2007/08/dataservices/scheme"/>
        <link href="Zchild(carrid='LH',connid='0400',fldate=datetime'2016-01-02T00%3A00%3A00')" rel="self" title="ZchildType"/>
        <link href="Zchild(carrid='LH',connid='0400',fldate=datetime'2016-01-02T00%3A00%3A00')/to_SalesOrder" rel="http://schemas.microsoft.com/ado/2007/08/dataservices/related/to_SalesOrder" type="application/atom+xml;type=entry" title="to_SalesOrder"/>
        <content type="application/xml">
            <m:properties 
                xmlns:m="http://schemas.microsoft.com/ado/2007/08/dataservices/metadata" 
                xmlns:d="http://schemas.microsoft.com/ado/2007/08/dataservices">
                <d:carrid>LH</d:carrid>
                <d:connid>0400</d:connid>
                <d:fldate>2016-01-02T00:00:00</d:fldate>
            </m:properties>
        </content>
    </entry>
    <entry>
        <id>https://ldciag3.wdf.sap.corp:44354/sap/opu/odata/sap/ZCWHOLE_CDS/Zchild(carrid='LH',connid='0400',fldate=datetime'2016-01-30T00%3A00%3A00')</id>
        <title type="text">Zchild(carrid='LH',connid='0400',fldate=datetime'2016-01-30T00%3A00%3A00')</title>
        <updated>2016-03-17T10:52:04Z</updated>
        <category term="sap.com.cds_zcwhole.ZchildType" scheme="http://schemas.microsoft.com/ado/2007/08/dataservices/scheme"/>
        <link href="Zchild(carrid='LH',connid='0400',fldate=datetime'2016-01-30T00%3A00%3A00')" rel="self" title="ZchildType"/>
        <link href="Zchild(carrid='LH',connid='0400',fldate=datetime'2016-01-30T00%3A00%3A00')/to_SalesOrder" rel="http://schemas.microsoft.com/ado/2007/08/dataservices/related/to_SalesOrder" type="application/atom+xml;type=entry" title="to_SalesOrder"/>
        <content type="application/xml">
            <m:properties 
                xmlns:m="http://schemas.microsoft.com/ado/2007/08/dataservices/metadata" 
                xmlns:d="http://schemas.microsoft.com/ado/2007/08/dataservices">
                <d:carrid>LH</d:carrid>
                <d:connid>0400</d:connid>
                <d:fldate>2016-01-30T00:00:00</d:fldate>
            </m:properties>
        </content>
    </entry>
    <entry>
        <id>https://ldciag3.wdf.sap.corp:44354/sap/opu/odata/sap/ZCWHOLE_CDS/Zchild(carrid='LH',connid='0400',fldate=datetime'2016-02-27T00%3A00%3A00')</id>
        <title type="text">Zchild(carrid='LH',connid='0400',fldate=datetime'2016-02-27T00%3A00%3A00')</title>
        <updated>2016-03-17T10:52:04Z</updated>
        <category term="sap.com.cds_zcwhole.ZchildType" scheme="http://schemas.microsoft.com/ado/2007/08/dataservices/scheme"/>
        <link href="Zchild(carrid='LH',connid='0400',fldate=datetime'2016-02-27T00%3A00%3A00')" rel="self" title="ZchildType"/>
        <link href="Zchild(carrid='LH',connid='0400',fldate=datetime'2016-02-27T00%3A00%3A00')/to_SalesOrder" rel="http://schemas.microsoft.com/ado/2007/08/dataservices/related/to_SalesOrder" type="application/atom+xml;type=entry" title="to_SalesOrder"/>
        <content type="application/xml">
            <m:properties 
                xmlns:m="http://schemas.microsoft.com/ado/2007/08/dataservices/metadata" 
                xmlns:d="http://schemas.microsoft.com/ado/2007/08/dataservices">
                <d:carrid>LH</d:carrid>
                <d:connid>0400</d:connid>
                <d:fldate>2016-02-27T00:00:00</d:fldate>
            </m:properties>
        </content>
    </entry>
    <entry>
        <id>https://ldciag3.wdf.sap.corp:44354/sap/opu/odata/sap/ZCWHOLE_CDS/Zchild(carrid='LH',connid='0400',fldate=datetime'2016-03-26T00%3A00%3A00')</id>
        <title type="text">Zchild(carrid='LH',connid='0400',fldate=datetime'2016-03-26T00%3A00%3A00')</title>
        <updated>2016-03-17T10:52:04Z</updated>
        <category term="sap.com.cds_zcwhole.ZchildType" scheme="http://schemas.microsoft.com/ado/2007/08/dataservices/scheme"/>
        <link href="Zchild(carrid='LH',connid='0400',fldate=datetime'2016-03-26T00%3A00%3A00')" rel="self" title="ZchildType"/>
        <link href="Zchild(carrid='LH',connid='0400',fldate=datetime'2016-03-26T00%3A00%3A00')/to_SalesOrder" rel="http://schemas.microsoft.com/ado/2007/08/dataservices/related/to_SalesOrder" type="application/atom+xml;type=entry" title="to_SalesOrder"/>
        <content type="application/xml">
            <m:properties 
                xmlns:m="http://schemas.microsoft.com/ado/2007/08/dataservices/metadata" 
                xmlns:d="http://schemas.microsoft.com/ado/2007/08/dataservices">
                <d:carrid>LH</d:carrid>
                <d:connid>0400</d:connid>
                <d:fldate>2016-03-26T00:00:00</d:fldate>
            </m:properties>
        </content>
    </entry>
    <entry>
        <id>https://ldciag3.wdf.sap.corp:44354/sap/opu/odata/sap/ZCWHOLE_CDS/Zchild(carrid='LH',connid='0400',fldate=datetime'2016-04-23T00%3A00%3A00')</id>
        <title type="text">Zchild(carrid='LH',connid='0400',fldate=datetime'2016-04-23T00%3A00%3A00')</title>
        <updated>2016-03-17T10:52:04Z</updated>
        <category term="sap.com.cds_zcwhole.ZchildType" scheme="http://schemas.microsoft.com/ado/2007/08/dataservices/scheme"/>
        <link href="Zchild(carrid='LH',connid='0400',fldate=datetime'2016-04-23T00%3A00%3A00')" rel="self" title="ZchildType"/>
        <link href="Zchild(carrid='LH',connid='0400',fldate=datetime'2016-04-23T00%3A00%3A00')/to_SalesOrder" rel="http://schemas.microsoft.com/ado/2007/08/dataservices/related/to_SalesOrder" type="application/atom+xml;type=entry" title="to_SalesOrder"/>
        <content type="application/xml">
            <m:properties 
                xmlns:m="http://schemas.microsoft.com/ado/2007/08/dataservices/metadata" 
                xmlns:d="http://schemas.microsoft.com/ado/2007/08/dataservices">
                <d:carrid>LH</d:carrid>
                <d:connid>0400</d:connid>
                <d:fldate>2016-04-23T00:00:00</d:fldate>
            </m:properties>
        </content>
    </entry>
</feed>