<core:FragmentDefinition xmlns="sap.m" xmlns:core="sap.ui.core" xmlns:uxap="sap.uxap"
						 xmlns:customData="http://schemas.sap.com/sapui5/extension/sap.ui.core.CustomData/1"
						 xmlns:build="sap.build">

	<uxap:navigationBar>
		<Bar>
			<contentLeft>
				<Button id="back" icon="sap-icon://nav-back" press="._templateEventHandlers.onBack"
						customData:popoverBelow="true" tooltip="{i18n>BACK}"/>
			</contentLeft>
			<contentMiddle>
				<Title id="objectTypeName"
					  text="{path: 'entityType>com.sap.vocabularies.UI.v1.HeaderInfo/TypeName', formatter: 'sap.ui.model.odata.AnnotationHelper.format'}"
					  build:metadata="#pattern:Header;prop:text:HeaderBarText">
					<!-- Helper -->
					<customData>
						<core:CustomData id="idObjectTitle" key="objectTitle"
										 value="{path: 'entityType>com.sap.vocabularies.UI.v1.HeaderInfo/Title/Value', formatter: 'sap.suite.ui.generic.template.js.AnnotationHelper.formatWithExpandSimple'}"
										 writeToDom="false"/>
					</customData>
				</Title>
			</contentMiddle>
		</Bar>
	</uxap:navigationBar>

</core:FragmentDefinition>
