<?xml version="1.0" encoding="utf-8"?><edmx:Edmx Version="4.0" xmlns:edmx="http://docs.oasis-open.org/odata/ns/edmx"><edmx:Reference Uri="https://rde-fiori.dispatcher.neo.ondemand.com/destinations/GM6CLNT001/sap/opu/odata/IWFND/CATALOGSERVICE;v=2/Vocabularies(TechnicalName='%2FIWBEP%2FVOC_COMMON',Version='0001',SAP__Origin='AG3_001')/$value"><edmx:Include Namespace="com.sap.vocabularies.Common.v1" Alias="Common"/></edmx:Reference><edmx:Reference Uri="https://rde-fiori.dispatcher.neo.ondemand.com/destinations/GM6CLNT001/sap/opu/odata/IWFND/CATALOGSERVICE;v=2/Vocabularies(TechnicalName='%2FIWBEP%2FVOC_UI',Version='0001',SAP__Origin='AG3_001')/$value"><edmx:Include Namespace="com.sap.vocabularies.UI.v1" Alias="UI"/></edmx:Reference><edmx:Reference Uri="https://rde-fiori.dispatcher.neo.ondemand.com/destinations/GM6CLNT001/sap/opu/odata/IWFND/CATALOGSERVICE;v=2/Vocabularies(TechnicalName='%2FIWBEP%2FVOC_COMMUNICATION',Version='0001',SAP__Origin='AG3_001')/$value"><edmx:Include Namespace="com.sap.vocabularies.Communication.v1" Alias="Communication"/></edmx:Reference><edmx:Reference Uri="https://rde-fiori.dispatcher.neo.ondemand.com/destinations/GM6CLNT001/sap/opu/odata/SAP/ZFLIGHT_COM_CDS"><edmx:Include Namespace="ZFLIGHT_COM_CDS" Alias="SAP"/></edmx:Reference><edmx:DataServices><Schema Namespace="zflight_com_cds_van.v1" xmlns="http://docs.oasis-open.org/odata/ns/edm"><Annotations Target="sap.com.cds_zflight_com.Zflight_ComType"><Annotation Term="UI.FieldGroup" Qualifier="AnotherInformation"><Record><PropertyValue Property="Data"><Collection><Record Type="UI.DataField"><PropertyValue Property="Value" Path="connid"/><Annotation Term="UI.Importance" EnumMember="UI.ImportanceType/High"/></Record></Collection></PropertyValue><PropertyValue Property="Label" String="Product Information"/></Record></Annotation><Annotation Term="UI.FieldGroup" Qualifier="GeneralInformation"><Record><PropertyValue Property="Data"><Collection><Record Type="UI.DataField"><PropertyValue Property="Value" Path="carrid"/><Annotation Term="UI.Importance" EnumMember="UI.ImportanceType/High"/></Record></Collection></PropertyValue><PropertyValue Property="Label" String="Product Information"/></Record></Annotation><Annotation Term="UI.HeaderInfo"><Record><PropertyValue Property="TypeName" String="Zspfli_Root._Item"/><PropertyValue Property="TypeNamePlural" String="Zspfli_Root._Item"/></Record></Annotation><Annotation Term="UI.Identification"><Collection><Record Type="UI.DataField"><PropertyValue Property="Value" Path="connid"/></Record><Record Type="UI.DataField"><PropertyValue Property="Value" Path="carrid"/></Record></Collection></Annotation><Annotation Term="UI.LineItem"><Collection><Record Type="UI.DataField"><PropertyValue Property="Value" Path="carrid"/><Annotation Term="UI.Importance" EnumMember="UI.ImportanceType/High"/></Record><Record Type="UI.DataField"><PropertyValue Property="Value" Path="carrid"/></Record><Record Type="UI.DataField"><PropertyValue Property="Value" Path="connid"/></Record></Collection></Annotation></Annotations><Annotations Target="sap.com.cds_zflight_com.Zsflight_ChildType"><Annotation Term="UI.FieldGroup" Qualifier="General"><Record><PropertyValue Property="Data"><Collection><Record Type="UI.DataField"><PropertyValue Property="Value" Path="carrid"/></Record><Record Type="UI.DataField"><PropertyValue Property="Value" Path="connid"/></Record><Record Type="UI.DataField"><PropertyValue Property="Value" Path="fldate"/></Record></Collection></PropertyValue></Record></Annotation><Annotation Term="UI.HeaderInfo"><Record><PropertyValue Property="TypeName" String="Zsflight_Child"/><PropertyValue Property="TypeNamePlural" String="Zsflight_Child"/><PropertyValue Property="Title"><Record Type="UI.DataField"><PropertyValue Property="Value" Path="fldate"/></Record></PropertyValue></Record></Annotation></Annotations></Schema></edmx:DataServices></edmx:Edmx>