<?xml version="1.0" encoding="utf-8"?><asx:abap version="1.0" xmlns:asx="http://www.sap.com/abapxml"><asx:values><BACKEND_VERSION><NW_VERSION>750</NW_VERSION><BEP_COMPONENT_VERSION>0740</BEP_COMPONENT_VERSION><BEP_SP_VERSION>14</BEP_SP_VERSION><GWBEP_VERSION>014</GWBEP_VERSION><SYSTEM_NAME>AG3</SYSTEM_NAME><SAP_CLIENT>001</SAP_CLIENT></BACKEND_VERSION><VOCAN_MODEL><HEADER><CHANGED_TIMESTMP>20160323100518</CHANGED_TIMESTMP><HAS_VOCAN_TEXTS>X</HAS_VOCAN_TEXTS></HEADER><REFERENCED_ANNO_FILES/><VOCAB_REFERENCES><item><VOCAB_ID>/IWBEP/VOC_COMMON</VOCAB_ID><VOCAB_VERSION>0001</VOCAB_VERSION><ORIGIN/><INCLUDES><item><NAMESPACE>com.sap.vocabularies.Common.v1</NAMESPACE><ALIAS>Common</ALIAS></item></INCLUDES></item><item><VOCAB_ID>/IWBEP/VOC_UI</VOCAB_ID><VOCAB_VERSION>0001</VOCAB_VERSION><ORIGIN/><INCLUDES><item><NAMESPACE>com.sap.vocabularies.UI.v1</NAMESPACE><ALIAS>UI</ALIAS></item></INCLUDES></item><item><VOCAB_ID>/IWBEP/VOC_COMMUNICATION</VOCAB_ID><VOCAB_VERSION>0001</VOCAB_VERSION><ORIGIN/><INCLUDES><item><NAMESPACE>com.sap.vocabularies.Communication.v1</NAMESPACE><ALIAS>Communication</ALIAS></item></INCLUDES></item></VOCAB_REFERENCES><ANNOFILE_REFERENCES/><REFERENCED_SERVICES><item><SERV_TECH_NAME>ZFLIGHT_COM_CDS</SERV_TECH_NAME><SERV_EXT_NAME>ZFLIGHT_COM_CDS</SERV_EXT_NAME><VERSION>0001</VERSION><NAMESPACE/><IS_MAIN_SERVICE>X</IS_MAIN_SERVICE><INCLUDES><item><NAMESPACE>ZFLIGHT_COM_CDS</NAMESPACE><ALIAS>SAP</ALIAS></item></INCLUDES></item></REFERENCED_SERVICES><ANNOTATION_TARGETS><item><ENTITY_ID>00000001</ENTITY_ID><TARGET>sap.com.cds_zflight_com.Zcounter_chilrenType</TARGET><QUALIFIER/><NAMESPACE_QUALIFIER/><ANNOTATION_IDS><item><ANNOTATION_ID>00000002</ANNOTATION_ID></item><item><ANNOTATION_ID>00000013</ANNOTATION_ID></item></ANNOTATION_IDS></item><item><ENTITY_ID>00000021</ENTITY_ID><TARGET>sap.com.cds_zflight_com.Zsflight_ChildType</TARGET><QUALIFIER/><NAMESPACE_QUALIFIER/><ANNOTATION_IDS><item><ANNOTATION_ID>00000022</ANNOTATION_ID></item><item><ANNOTATION_ID>00000033</ANNOTATION_ID></item><item><ANNOTATION_ID>00000038</ANNOTATION_ID></item></ANNOTATION_IDS></item><item><ENTITY_ID>00000055</ENTITY_ID><TARGET>sap.com.cds_zflight_com.Zflight_ComType</TARGET><QUALIFIER/><NAMESPACE_QUALIFIER/><ANNOTATION_IDS><item><ANNOTATION_ID>00000056</ANNOTATION_ID></item><item><ANNOTATION_ID>00000067</ANNOTATION_ID></item><item><ANNOTATION_ID>00000078</ANNOTATION_ID></item><item><ANNOTATION_ID>00000084</ANNOTATION_ID></item><item><ANNOTATION_ID>00000092</ANNOTATION_ID></item></ANNOTATION_IDS></item></ANNOTATION_TARGETS><ANNOTATIONS><item><ENTITY_ID>00000002</ENTITY_ID><TERM>UI.FieldGroup</TERM><QUALIFIER>Spark</QUALIFIER><CHILD_ANNOTATION_IDS/><IS_VALUE_LIST/><VALUE_LIST_ENTITY_NAME/><EXPRESSION_ID>00000003</EXPRESSION_ID><EXPRESSION_TYPE>Record</EXPRESSION_TYPE></item><item><ENTITY_ID>00000011</ENTITY_ID><TERM>UI.Importance</TERM><QUALIFIER/><CHILD_ANNOTATION_IDS/><IS_VALUE_LIST/><VALUE_LIST_ENTITY_NAME/><EXPRESSION_ID>00000012</EXPRESSION_ID><EXPRESSION_TYPE>Simple_Val</EXPRESSION_TYPE></item><item><ENTITY_ID>00000013</ENTITY_ID><TERM>UI.Identification</TERM><QUALIFIER/><CHILD_ANNOTATION_IDS/><IS_VALUE_LIST/><VALUE_LIST_ENTITY_NAME/><EXPRESSION_ID>00000014</EXPRESSION_ID><EXPRESSION_TYPE>Collection</EXPRESSION_TYPE></item><item><ENTITY_ID>00000022</ENTITY_ID><TERM>UI.FieldGroup</TERM><QUALIFIER>FlightDate</QUALIFIER><CHILD_ANNOTATION_IDS/><IS_VALUE_LIST/><VALUE_LIST_ENTITY_NAME/><EXPRESSION_ID>00000023</EXPRESSION_ID><EXPRESSION_TYPE>Record</EXPRESSION_TYPE></item><item><ENTITY_ID>00000031</ENTITY_ID><TERM>UI.Importance</TERM><QUALIFIER/><CHILD_ANNOTATION_IDS/><IS_VALUE_LIST/><VALUE_LIST_ENTITY_NAME/><EXPRESSION_ID>00000032</EXPRESSION_ID><EXPRESSION_TYPE>Simple_Val</EXPRESSION_TYPE></item><item><ENTITY_ID>00000033</ENTITY_ID><TERM>UI.Identification</TERM><QUALIFIER/><CHILD_ANNOTATION_IDS/><IS_VALUE_LIST/><VALUE_LIST_ENTITY_NAME/><EXPRESSION_ID>00000034</EXPRESSION_ID><EXPRESSION_TYPE>Collection</EXPRESSION_TYPE></item><item><ENTITY_ID>00000038</ENTITY_ID><TERM>UI.LineItem</TERM><QUALIFIER/><CHILD_ANNOTATION_IDS/><IS_VALUE_LIST/><VALUE_LIST_ENTITY_NAME/><EXPRESSION_ID>00000039</EXPRESSION_ID><EXPRESSION_TYPE>Collection</EXPRESSION_TYPE></item><item><ENTITY_ID>00000056</ENTITY_ID><TERM>UI.FieldGroup</TERM><QUALIFIER>AnotherInformation</QUALIFIER><CHILD_ANNOTATION_IDS/><IS_VALUE_LIST/><VALUE_LIST_ENTITY_NAME/><EXPRESSION_ID>00000057</EXPRESSION_ID><EXPRESSION_TYPE>Record</EXPRESSION_TYPE></item><item><ENTITY_ID>00000065</ENTITY_ID><TERM>UI.Importance</TERM><QUALIFIER/><CHILD_ANNOTATION_IDS/><IS_VALUE_LIST/><VALUE_LIST_ENTITY_NAME/><EXPRESSION_ID>00000066</EXPRESSION_ID><EXPRESSION_TYPE>Simple_Val</EXPRESSION_TYPE></item><item><ENTITY_ID>00000067</ENTITY_ID><TERM>UI.FieldGroup</TERM><QUALIFIER>GeneralInformation</QUALIFIER><CHILD_ANNOTATION_IDS/><IS_VALUE_LIST/><VALUE_LIST_ENTITY_NAME/><EXPRESSION_ID>00000068</EXPRESSION_ID><EXPRESSION_TYPE>Record</EXPRESSION_TYPE></item><item><ENTITY_ID>00000076</ENTITY_ID><TERM>UI.Importance</TERM><QUALIFIER/><CHILD_ANNOTATION_IDS/><IS_VALUE_LIST/><VALUE_LIST_ENTITY_NAME/><EXPRESSION_ID>00000077</EXPRESSION_ID><EXPRESSION_TYPE>Simple_Val</EXPRESSION_TYPE></item><item><ENTITY_ID>00000078</ENTITY_ID><TERM>UI.HeaderInfo</TERM><QUALIFIER/><CHILD_ANNOTATION_IDS/><IS_VALUE_LIST/><VALUE_LIST_ENTITY_NAME/><EXPRESSION_ID>00000079</EXPRESSION_ID><EXPRESSION_TYPE>Record</EXPRESSION_TYPE></item><item><ENTITY_ID>00000084</ENTITY_ID><TERM>UI.Identification</TERM><QUALIFIER/><CHILD_ANNOTATION_IDS/><IS_VALUE_LIST/><VALUE_LIST_ENTITY_NAME/><EXPRESSION_ID>00000085</EXPRESSION_ID><EXPRESSION_TYPE>Collection</EXPRESSION_TYPE></item><item><ENTITY_ID>00000092</ENTITY_ID><TERM>UI.LineItem</TERM><QUALIFIER/><CHILD_ANNOTATION_IDS/><IS_VALUE_LIST/><VALUE_LIST_ENTITY_NAME/><EXPRESSION_ID>00000093</EXPRESSION_ID><EXPRESSION_TYPE>Collection</EXPRESSION_TYPE></item><item><ENTITY_ID>00000097</ENTITY_ID><TERM>UI.Importance</TERM><QUALIFIER/><CHILD_ANNOTATION_IDS/><IS_VALUE_LIST/><VALUE_LIST_ENTITY_NAME/><EXPRESSION_ID>00000098</EXPRESSION_ID><EXPRESSION_TYPE>Simple_Val</EXPRESSION_TYPE></item></ANNOTATIONS><COLLECTIONS><item><ENTITY_ID>00000005</ENTITY_ID><EXPRESSION_KEYS><item><EXPRESSION_ID>00000008</EXPRESSION_ID><EXPRESSION_TYPE>Record</EXPRESSION_TYPE></item></EXPRESSION_KEYS></item><item><ENTITY_ID>00000014</ENTITY_ID><EXPRESSION_KEYS><item><EXPRESSION_ID>00000015</EXPRESSION_ID><EXPRESSION_TYPE>Record</EXPRESSION_TYPE></item><item><EXPRESSION_ID>00000018</EXPRESSION_ID><EXPRESSION_TYPE>Record</EXPRESSION_TYPE></item></EXPRESSION_KEYS></item><item><ENTITY_ID>00000025</ENTITY_ID><EXPRESSION_KEYS><item><EXPRESSION_ID>00000028</EXPRESSION_ID><EXPRESSION_TYPE>Record</EXPRESSION_TYPE></item></EXPRESSION_KEYS></item><item><ENTITY_ID>00000034</ENTITY_ID><EXPRESSION_KEYS><item><EXPRESSION_ID>00000035</EXPRESSION_ID><EXPRESSION_TYPE>Record</EXPRESSION_TYPE></item></EXPRESSION_KEYS></item><item><ENTITY_ID>00000039</ENTITY_ID><EXPRESSION_KEYS><item><EXPRESSION_ID>00000040</EXPRESSION_ID><EXPRESSION_TYPE>Record</EXPRESSION_TYPE></item><item><EXPRESSION_ID>00000045</EXPRESSION_ID><EXPRESSION_TYPE>Record</EXPRESSION_TYPE></item><item><EXPRESSION_ID>00000050</EXPRESSION_ID><EXPRESSION_TYPE>Record</EXPRESSION_TYPE></item></EXPRESSION_KEYS></item><item><ENTITY_ID>00000059</ENTITY_ID><EXPRESSION_KEYS><item><EXPRESSION_ID>00000062</EXPRESSION_ID><EXPRESSION_TYPE>Record</EXPRESSION_TYPE></item></EXPRESSION_KEYS></item><item><ENTITY_ID>00000070</ENTITY_ID><EXPRESSION_KEYS><item><EXPRESSION_ID>00000073</EXPRESSION_ID><EXPRESSION_TYPE>Record</EXPRESSION_TYPE></item></EXPRESSION_KEYS></item><item><ENTITY_ID>00000085</ENTITY_ID><EXPRESSION_KEYS><item><EXPRESSION_ID>00000086</EXPRESSION_ID><EXPRESSION_TYPE>Record</EXPRESSION_TYPE></item><item><EXPRESSION_ID>00000089</EXPRESSION_ID><EXPRESSION_TYPE>Record</EXPRESSION_TYPE></item></EXPRESSION_KEYS></item><item><ENTITY_ID>00000093</ENTITY_ID><EXPRESSION_KEYS><item><EXPRESSION_ID>00000094</EXPRESSION_ID><EXPRESSION_TYPE>Record</EXPRESSION_TYPE></item><item><EXPRESSION_ID>00000099</EXPRESSION_ID><EXPRESSION_TYPE>Record</EXPRESSION_TYPE></item><item><EXPRESSION_ID>00000102</EXPRESSION_ID><EXPRESSION_TYPE>Record</EXPRESSION_TYPE></item></EXPRESSION_KEYS></item></COLLECTIONS><RECORDS><item><ENTITY_ID>00000003</ENTITY_ID><PROPERTY_IDS><item><PROPERTY_ID>00000004</PROPERTY_ID></item><item><PROPERTY_ID>00000006</PROPERTY_ID></item></PROPERTY_IDS><TYPE/><ANNOTATION_IDS/></item><item><ENTITY_ID>00000008</ENTITY_ID><PROPERTY_IDS><item><PROPERTY_ID>00000009</PROPERTY_ID></item></PROPERTY_IDS><TYPE>UI.DataField</TYPE><ANNOTATION_IDS><item><ANNOTATION_ID>00000011</ANNOTATION_ID></item></ANNOTATION_IDS></item><item><ENTITY_ID>00000015</ENTITY_ID><PROPERTY_IDS><item><PROPERTY_ID>00000016</PROPERTY_ID></item></PROPERTY_IDS><TYPE>UI.DataField</TYPE><ANNOTATION_IDS/></item><item><ENTITY_ID>00000018</ENTITY_ID><PROPERTY_IDS><item><PROPERTY_ID>00000019</PROPERTY_ID></item></PROPERTY_IDS><TYPE>UI.DataField</TYPE><ANNOTATION_IDS/></item><item><ENTITY_ID>00000023</ENTITY_ID><PROPERTY_IDS><item><PROPERTY_ID>00000024</PROPERTY_ID></item><item><PROPERTY_ID>00000026</PROPERTY_ID></item></PROPERTY_IDS><TYPE/><ANNOTATION_IDS/></item><item><ENTITY_ID>00000028</ENTITY_ID><PROPERTY_IDS><item><PROPERTY_ID>00000029</PROPERTY_ID></item></PROPERTY_IDS><TYPE>UI.DataField</TYPE><ANNOTATION_IDS><item><ANNOTATION_ID>00000031</ANNOTATION_ID></item></ANNOTATION_IDS></item><item><ENTITY_ID>00000035</ENTITY_ID><PROPERTY_IDS><item><PROPERTY_ID>00000036</PROPERTY_ID></item></PROPERTY_IDS><TYPE>UI.DataField</TYPE><ANNOTATION_IDS/></item><item><ENTITY_ID>00000040</ENTITY_ID><PROPERTY_IDS><item><PROPERTY_ID>00000041</PROPERTY_ID></item><item><PROPERTY_ID>00000043</PROPERTY_ID></item></PROPERTY_IDS><TYPE>UI.DataField</TYPE><ANNOTATION_IDS/></item><item><ENTITY_ID>00000045</ENTITY_ID><PROPERTY_IDS><item><PROPERTY_ID>00000046</PROPERTY_ID></item><item><PROPERTY_ID>00000048</PROPERTY_ID></item></PROPERTY_IDS><TYPE>UI.DataField</TYPE><ANNOTATION_IDS/></item><item><ENTITY_ID>00000050</ENTITY_ID><PROPERTY_IDS><item><PROPERTY_ID>00000051</PROPERTY_ID></item><item><PROPERTY_ID>00000053</PROPERTY_ID></item></PROPERTY_IDS><TYPE>UI.DataField</TYPE><ANNOTATION_IDS/></item><item><ENTITY_ID>00000057</ENTITY_ID><PROPERTY_IDS><item><PROPERTY_ID>00000058</PROPERTY_ID></item><item><PROPERTY_ID>00000060</PROPERTY_ID></item></PROPERTY_IDS><TYPE/><ANNOTATION_IDS/></item><item><ENTITY_ID>00000062</ENTITY_ID><PROPERTY_IDS><item><PROPERTY_ID>00000063</PROPERTY_ID></item></PROPERTY_IDS><TYPE>UI.DataField</TYPE><ANNOTATION_IDS><item><ANNOTATION_ID>00000065</ANNOTATION_ID></item></ANNOTATION_IDS></item><item><ENTITY_ID>00000068</ENTITY_ID><PROPERTY_IDS><item><PROPERTY_ID>00000069</PROPERTY_ID></item><item><PROPERTY_ID>00000071</PROPERTY_ID></item></PROPERTY_IDS><TYPE/><ANNOTATION_IDS/></item><item><ENTITY_ID>00000073</ENTITY_ID><PROPERTY_IDS><item><PROPERTY_ID>00000074</PROPERTY_ID></item></PROPERTY_IDS><TYPE>UI.DataField</TYPE><ANNOTATION_IDS><item><ANNOTATION_ID>00000076</ANNOTATION_ID></item></ANNOTATION_IDS></item><item><ENTITY_ID>00000079</ENTITY_ID><PROPERTY_IDS><item><PROPERTY_ID>00000080</PROPERTY_ID></item><item><PROPERTY_ID>00000082</PROPERTY_ID></item></PROPERTY_IDS><TYPE/><ANNOTATION_IDS/></item><item><ENTITY_ID>00000086</ENTITY_ID><PROPERTY_IDS><item><PROPERTY_ID>00000087</PROPERTY_ID></item></PROPERTY_IDS><TYPE>UI.DataField</TYPE><ANNOTATION_IDS/></item><item><ENTITY_ID>00000089</ENTITY_ID><PROPERTY_IDS><item><PROPERTY_ID>00000090</PROPERTY_ID></item></PROPERTY_IDS><TYPE>UI.DataField</TYPE><ANNOTATION_IDS/></item><item><ENTITY_ID>00000094</ENTITY_ID><PROPERTY_IDS><item><PROPERTY_ID>00000095</PROPERTY_ID></item></PROPERTY_IDS><TYPE>UI.DataField</TYPE><ANNOTATION_IDS><item><ANNOTATION_ID>00000097</ANNOTATION_ID></item></ANNOTATION_IDS></item><item><ENTITY_ID>00000099</ENTITY_ID><PROPERTY_IDS><item><PROPERTY_ID>00000100</PROPERTY_ID></item></PROPERTY_IDS><TYPE>UI.DataField</TYPE><ANNOTATION_IDS/></item><item><ENTITY_ID>00000102</ENTITY_ID><PROPERTY_IDS><item><PROPERTY_ID>00000103</PROPERTY_ID></item></PROPERTY_IDS><TYPE>UI.DataField</TYPE><ANNOTATION_IDS/></item></RECORDS><PROPERTIES><item><ENTITY_ID>00000004</ENTITY_ID><NAME>Data</NAME><ANNOTATION_IDS/><EXPRESSION_ID>00000005</EXPRESSION_ID><EXPRESSION_TYPE>Collection</EXPRESSION_TYPE></item><item><ENTITY_ID>00000006</ENTITY_ID><NAME>Label</NAME><ANNOTATION_IDS/><EXPRESSION_ID>00000007</EXPRESSION_ID><EXPRESSION_TYPE>Simple_Val</EXPRESSION_TYPE></item><item><ENTITY_ID>00000009</ENTITY_ID><NAME>Value</NAME><ANNOTATION_IDS/><EXPRESSION_ID>00000010</EXPRESSION_ID><EXPRESSION_TYPE>Simple_Val</EXPRESSION_TYPE></item><item><ENTITY_ID>00000016</ENTITY_ID><NAME>Value</NAME><ANNOTATION_IDS/><EXPRESSION_ID>00000017</EXPRESSION_ID><EXPRESSION_TYPE>Simple_Val</EXPRESSION_TYPE></item><item><ENTITY_ID>00000019</ENTITY_ID><NAME>Value</NAME><ANNOTATION_IDS/><EXPRESSION_ID>00000020</EXPRESSION_ID><EXPRESSION_TYPE>Simple_Val</EXPRESSION_TYPE></item><item><ENTITY_ID>00000024</ENTITY_ID><NAME>Data</NAME><ANNOTATION_IDS/><EXPRESSION_ID>00000025</EXPRESSION_ID><EXPRESSION_TYPE>Collection</EXPRESSION_TYPE></item><item><ENTITY_ID>00000026</ENTITY_ID><NAME>Label</NAME><ANNOTATION_IDS/><EXPRESSION_ID>00000027</EXPRESSION_ID><EXPRESSION_TYPE>Simple_Val</EXPRESSION_TYPE></item><item><ENTITY_ID>00000029</ENTITY_ID><NAME>Value</NAME><ANNOTATION_IDS/><EXPRESSION_ID>00000030</EXPRESSION_ID><EXPRESSION_TYPE>Simple_Val</EXPRESSION_TYPE></item><item><ENTITY_ID>00000036</ENTITY_ID><NAME>Value</NAME><ANNOTATION_IDS/><EXPRESSION_ID>00000037</EXPRESSION_ID><EXPRESSION_TYPE>Simple_Val</EXPRESSION_TYPE></item><item><ENTITY_ID>00000041</ENTITY_ID><NAME>Label</NAME><ANNOTATION_IDS/><EXPRESSION_ID>00000042</EXPRESSION_ID><EXPRESSION_TYPE>Simple_Val</EXPRESSION_TYPE></item><item><ENTITY_ID>00000043</ENTITY_ID><NAME>Value</NAME><ANNOTATION_IDS/><EXPRESSION_ID>00000044</EXPRESSION_ID><EXPRESSION_TYPE>Simple_Val</EXPRESSION_TYPE></item><item><ENTITY_ID>00000046</ENTITY_ID><NAME>Label</NAME><ANNOTATION_IDS/><EXPRESSION_ID>00000047</EXPRESSION_ID><EXPRESSION_TYPE>Simple_Val</EXPRESSION_TYPE></item><item><ENTITY_ID>00000048</ENTITY_ID><NAME>Value</NAME><ANNOTATION_IDS/><EXPRESSION_ID>00000049</EXPRESSION_ID><EXPRESSION_TYPE>Simple_Val</EXPRESSION_TYPE></item><item><ENTITY_ID>00000051</ENTITY_ID><NAME>Label</NAME><ANNOTATION_IDS/><EXPRESSION_ID>00000052</EXPRESSION_ID><EXPRESSION_TYPE>Simple_Val</EXPRESSION_TYPE></item><item><ENTITY_ID>00000053</ENTITY_ID><NAME>Value</NAME><ANNOTATION_IDS/><EXPRESSION_ID>00000054</EXPRESSION_ID><EXPRESSION_TYPE>Simple_Val</EXPRESSION_TYPE></item><item><ENTITY_ID>00000058</ENTITY_ID><NAME>Data</NAME><ANNOTATION_IDS/><EXPRESSION_ID>00000059</EXPRESSION_ID><EXPRESSION_TYPE>Collection</EXPRESSION_TYPE></item><item><ENTITY_ID>00000060</ENTITY_ID><NAME>Label</NAME><ANNOTATION_IDS/><EXPRESSION_ID>00000061</EXPRESSION_ID><EXPRESSION_TYPE>Simple_Val</EXPRESSION_TYPE></item><item><ENTITY_ID>00000063</ENTITY_ID><NAME>Value</NAME><ANNOTATION_IDS/><EXPRESSION_ID>00000064</EXPRESSION_ID><EXPRESSION_TYPE>Simple_Val</EXPRESSION_TYPE></item><item><ENTITY_ID>00000069</ENTITY_ID><NAME>Data</NAME><ANNOTATION_IDS/><EXPRESSION_ID>00000070</EXPRESSION_ID><EXPRESSION_TYPE>Collection</EXPRESSION_TYPE></item><item><ENTITY_ID>00000071</ENTITY_ID><NAME>Label</NAME><ANNOTATION_IDS/><EXPRESSION_ID>00000072</EXPRESSION_ID><EXPRESSION_TYPE>Simple_Val</EXPRESSION_TYPE></item><item><ENTITY_ID>00000074</ENTITY_ID><NAME>Value</NAME><ANNOTATION_IDS/><EXPRESSION_ID>00000075</EXPRESSION_ID><EXPRESSION_TYPE>Simple_Val</EXPRESSION_TYPE></item><item><ENTITY_ID>00000080</ENTITY_ID><NAME>TypeName</NAME><ANNOTATION_IDS/><EXPRESSION_ID>00000081</EXPRESSION_ID><EXPRESSION_TYPE>Simple_Val</EXPRESSION_TYPE></item><item><ENTITY_ID>00000082</ENTITY_ID><NAME>TypeNamePlural</NAME><ANNOTATION_IDS/><EXPRESSION_ID>00000083</EXPRESSION_ID><EXPRESSION_TYPE>Simple_Val</EXPRESSION_TYPE></item><item><ENTITY_ID>00000087</ENTITY_ID><NAME>Value</NAME><ANNOTATION_IDS/><EXPRESSION_ID>00000088</EXPRESSION_ID><EXPRESSION_TYPE>Simple_Val</EXPRESSION_TYPE></item><item><ENTITY_ID>00000090</ENTITY_ID><NAME>Value</NAME><ANNOTATION_IDS/><EXPRESSION_ID>00000091</EXPRESSION_ID><EXPRESSION_TYPE>Simple_Val</EXPRESSION_TYPE></item><item><ENTITY_ID>00000095</ENTITY_ID><NAME>Value</NAME><ANNOTATION_IDS/><EXPRESSION_ID>00000096</EXPRESSION_ID><EXPRESSION_TYPE>Simple_Val</EXPRESSION_TYPE></item><item><ENTITY_ID>00000100</ENTITY_ID><NAME>Value</NAME><ANNOTATION_IDS/><EXPRESSION_ID>00000101</EXPRESSION_ID><EXPRESSION_TYPE>Simple_Val</EXPRESSION_TYPE></item><item><ENTITY_ID>00000103</ENTITY_ID><NAME>Value</NAME><ANNOTATION_IDS/><EXPRESSION_ID>00000104</EXPRESSION_ID><EXPRESSION_TYPE>Simple_Val</EXPRESSION_TYPE></item></PROPERTIES><SIMPLE_VALUES><item><ENTITY_ID>00000007</ENTITY_ID><TYPE>String</TYPE><STRING_LIKE_VALUE/><INTEGER_VALUE>0</INTEGER_VALUE><BOOLEAN_VALUE/><DATE_VALUE>0000-00-00</DATE_VALUE><DATETIMEOFFSET_VALUE>0.0</DATETIMEOFFSET_VALUE><DECIMAL_VALUE>0.0</DECIMAL_VALUE><FLOAT_VALUE>0</FLOAT_VALUE><IS_TEXT>X</IS_TEXT></item><item><ENTITY_ID>00000010</ENTITY_ID><TYPE>Path</TYPE><STRING_LIKE_VALUE>carrid</STRING_LIKE_VALUE><INTEGER_VALUE>0</INTEGER_VALUE><BOOLEAN_VALUE/><DATE_VALUE>0000-00-00</DATE_VALUE><DATETIMEOFFSET_VALUE>0.0</DATETIMEOFFSET_VALUE><DECIMAL_VALUE>0.0</DECIMAL_VALUE><FLOAT_VALUE>0</FLOAT_VALUE><IS_TEXT/></item><item><ENTITY_ID>00000012</ENTITY_ID><TYPE>EnumMember</TYPE><STRING_LIKE_VALUE>UI.ImportanceType/High</STRING_LIKE_VALUE><INTEGER_VALUE>0</INTEGER_VALUE><BOOLEAN_VALUE/><DATE_VALUE>0000-00-00</DATE_VALUE><DATETIMEOFFSET_VALUE>0.0</DATETIMEOFFSET_VALUE><DECIMAL_VALUE>0.0</DECIMAL_VALUE><FLOAT_VALUE>0</FLOAT_VALUE><IS_TEXT/></item><item><ENTITY_ID>00000017</ENTITY_ID><TYPE>Path</TYPE><STRING_LIKE_VALUE>total2</STRING_LIKE_VALUE><INTEGER_VALUE>0</INTEGER_VALUE><BOOLEAN_VALUE/><DATE_VALUE>0000-00-00</DATE_VALUE><DATETIMEOFFSET_VALUE>0.0</DATETIMEOFFSET_VALUE><DECIMAL_VALUE>0.0</DECIMAL_VALUE><FLOAT_VALUE>0</FLOAT_VALUE><IS_TEXT/></item><item><ENTITY_ID>00000020</ENTITY_ID><TYPE>Path</TYPE><STRING_LIKE_VALUE>carrid</STRING_LIKE_VALUE><INTEGER_VALUE>0</INTEGER_VALUE><BOOLEAN_VALUE/><DATE_VALUE>0000-00-00</DATE_VALUE><DATETIMEOFFSET_VALUE>0.0</DATETIMEOFFSET_VALUE><DECIMAL_VALUE>0.0</DECIMAL_VALUE><FLOAT_VALUE>0</FLOAT_VALUE><IS_TEXT/></item><item><ENTITY_ID>00000027</ENTITY_ID><TYPE>String</TYPE><STRING_LIKE_VALUE/><INTEGER_VALUE>0</INTEGER_VALUE><BOOLEAN_VALUE/><DATE_VALUE>0000-00-00</DATE_VALUE><DATETIMEOFFSET_VALUE>0.0</DATETIMEOFFSET_VALUE><DECIMAL_VALUE>0.0</DECIMAL_VALUE><FLOAT_VALUE>0</FLOAT_VALUE><IS_TEXT>X</IS_TEXT></item><item><ENTITY_ID>00000030</ENTITY_ID><TYPE>Path</TYPE><STRING_LIKE_VALUE>fldate</STRING_LIKE_VALUE><INTEGER_VALUE>0</INTEGER_VALUE><BOOLEAN_VALUE/><DATE_VALUE>0000-00-00</DATE_VALUE><DATETIMEOFFSET_VALUE>0.0</DATETIMEOFFSET_VALUE><DECIMAL_VALUE>0.0</DECIMAL_VALUE><FLOAT_VALUE>0</FLOAT_VALUE><IS_TEXT/></item><item><ENTITY_ID>00000032</ENTITY_ID><TYPE>EnumMember</TYPE><STRING_LIKE_VALUE>UI.ImportanceType/High</STRING_LIKE_VALUE><INTEGER_VALUE>0</INTEGER_VALUE><BOOLEAN_VALUE/><DATE_VALUE>0000-00-00</DATE_VALUE><DATETIMEOFFSET_VALUE>0.0</DATETIMEOFFSET_VALUE><DECIMAL_VALUE>0.0</DECIMAL_VALUE><FLOAT_VALUE>0</FLOAT_VALUE><IS_TEXT/></item><item><ENTITY_ID>00000037</ENTITY_ID><TYPE>Path</TYPE><STRING_LIKE_VALUE>fldate</STRING_LIKE_VALUE><INTEGER_VALUE>0</INTEGER_VALUE><BOOLEAN_VALUE/><DATE_VALUE>0000-00-00</DATE_VALUE><DATETIMEOFFSET_VALUE>0.0</DATETIMEOFFSET_VALUE><DECIMAL_VALUE>0.0</DECIMAL_VALUE><FLOAT_VALUE>0</FLOAT_VALUE><IS_TEXT/></item><item><ENTITY_ID>00000042</ENTITY_ID><TYPE>String</TYPE><STRING_LIKE_VALUE/><INTEGER_VALUE>0</INTEGER_VALUE><BOOLEAN_VALUE/><DATE_VALUE>0000-00-00</DATE_VALUE><DATETIMEOFFSET_VALUE>0.0</DATETIMEOFFSET_VALUE><DECIMAL_VALUE>0.0</DECIMAL_VALUE><FLOAT_VALUE>0</FLOAT_VALUE><IS_TEXT>X</IS_TEXT></item><item><ENTITY_ID>00000044</ENTITY_ID><TYPE>Path</TYPE><STRING_LIKE_VALUE>carrid</STRING_LIKE_VALUE><INTEGER_VALUE>0</INTEGER_VALUE><BOOLEAN_VALUE/><DATE_VALUE>0000-00-00</DATE_VALUE><DATETIMEOFFSET_VALUE>0.0</DATETIMEOFFSET_VALUE><DECIMAL_VALUE>0.0</DECIMAL_VALUE><FLOAT_VALUE>0</FLOAT_VALUE><IS_TEXT/></item><item><ENTITY_ID>00000047</ENTITY_ID><TYPE>String</TYPE><STRING_LIKE_VALUE/><INTEGER_VALUE>0</INTEGER_VALUE><BOOLEAN_VALUE/><DATE_VALUE>0000-00-00</DATE_VALUE><DATETIMEOFFSET_VALUE>0.0</DATETIMEOFFSET_VALUE><DECIMAL_VALUE>0.0</DECIMAL_VALUE><FLOAT_VALUE>0</FLOAT_VALUE><IS_TEXT>X</IS_TEXT></item><item><ENTITY_ID>00000049</ENTITY_ID><TYPE>Path</TYPE><STRING_LIKE_VALUE>connid</STRING_LIKE_VALUE><INTEGER_VALUE>0</INTEGER_VALUE><BOOLEAN_VALUE/><DATE_VALUE>0000-00-00</DATE_VALUE><DATETIMEOFFSET_VALUE>0.0</DATETIMEOFFSET_VALUE><DECIMAL_VALUE>0.0</DECIMAL_VALUE><FLOAT_VALUE>0</FLOAT_VALUE><IS_TEXT/></item><item><ENTITY_ID>00000052</ENTITY_ID><TYPE>String</TYPE><STRING_LIKE_VALUE/><INTEGER_VALUE>0</INTEGER_VALUE><BOOLEAN_VALUE/><DATE_VALUE>0000-00-00</DATE_VALUE><DATETIMEOFFSET_VALUE>0.0</DATETIMEOFFSET_VALUE><DECIMAL_VALUE>0.0</DECIMAL_VALUE><FLOAT_VALUE>0</FLOAT_VALUE><IS_TEXT>X</IS_TEXT></item><item><ENTITY_ID>00000054</ENTITY_ID><TYPE>Path</TYPE><STRING_LIKE_VALUE>fldate</STRING_LIKE_VALUE><INTEGER_VALUE>0</INTEGER_VALUE><BOOLEAN_VALUE/><DATE_VALUE>0000-00-00</DATE_VALUE><DATETIMEOFFSET_VALUE>0.0</DATETIMEOFFSET_VALUE><DECIMAL_VALUE>0.0</DECIMAL_VALUE><FLOAT_VALUE>0</FLOAT_VALUE><IS_TEXT/></item><item><ENTITY_ID>00000061</ENTITY_ID><TYPE>String</TYPE><STRING_LIKE_VALUE/><INTEGER_VALUE>0</INTEGER_VALUE><BOOLEAN_VALUE/><DATE_VALUE>0000-00-00</DATE_VALUE><DATETIMEOFFSET_VALUE>0.0</DATETIMEOFFSET_VALUE><DECIMAL_VALUE>0.0</DECIMAL_VALUE><FLOAT_VALUE>0</FLOAT_VALUE><IS_TEXT>X</IS_TEXT></item><item><ENTITY_ID>00000064</ENTITY_ID><TYPE>Path</TYPE><STRING_LIKE_VALUE>connid</STRING_LIKE_VALUE><INTEGER_VALUE>0</INTEGER_VALUE><BOOLEAN_VALUE/><DATE_VALUE>0000-00-00</DATE_VALUE><DATETIMEOFFSET_VALUE>0.0</DATETIMEOFFSET_VALUE><DECIMAL_VALUE>0.0</DECIMAL_VALUE><FLOAT_VALUE>0</FLOAT_VALUE><IS_TEXT/></item><item><ENTITY_ID>00000066</ENTITY_ID><TYPE>EnumMember</TYPE><STRING_LIKE_VALUE>UI.ImportanceType/High</STRING_LIKE_VALUE><INTEGER_VALUE>0</INTEGER_VALUE><BOOLEAN_VALUE/><DATE_VALUE>0000-00-00</DATE_VALUE><DATETIMEOFFSET_VALUE>0.0</DATETIMEOFFSET_VALUE><DECIMAL_VALUE>0.0</DECIMAL_VALUE><FLOAT_VALUE>0</FLOAT_VALUE><IS_TEXT/></item><item><ENTITY_ID>00000072</ENTITY_ID><TYPE>String</TYPE><STRING_LIKE_VALUE/><INTEGER_VALUE>0</INTEGER_VALUE><BOOLEAN_VALUE/><DATE_VALUE>0000-00-00</DATE_VALUE><DATETIMEOFFSET_VALUE>0.0</DATETIMEOFFSET_VALUE><DECIMAL_VALUE>0.0</DECIMAL_VALUE><FLOAT_VALUE>0</FLOAT_VALUE><IS_TEXT>X</IS_TEXT></item><item><ENTITY_ID>00000075</ENTITY_ID><TYPE>Path</TYPE><STRING_LIKE_VALUE>carrid</STRING_LIKE_VALUE><INTEGER_VALUE>0</INTEGER_VALUE><BOOLEAN_VALUE/><DATE_VALUE>0000-00-00</DATE_VALUE><DATETIMEOFFSET_VALUE>0.0</DATETIMEOFFSET_VALUE><DECIMAL_VALUE>0.0</DECIMAL_VALUE><FLOAT_VALUE>0</FLOAT_VALUE><IS_TEXT/></item><item><ENTITY_ID>00000077</ENTITY_ID><TYPE>EnumMember</TYPE><STRING_LIKE_VALUE>UI.ImportanceType/High</STRING_LIKE_VALUE><INTEGER_VALUE>0</INTEGER_VALUE><BOOLEAN_VALUE/><DATE_VALUE>0000-00-00</DATE_VALUE><DATETIMEOFFSET_VALUE>0.0</DATETIMEOFFSET_VALUE><DECIMAL_VALUE>0.0</DECIMAL_VALUE><FLOAT_VALUE>0</FLOAT_VALUE><IS_TEXT/></item><item><ENTITY_ID>00000081</ENTITY_ID><TYPE>String</TYPE><STRING_LIKE_VALUE/><INTEGER_VALUE>0</INTEGER_VALUE><BOOLEAN_VALUE/><DATE_VALUE>0000-00-00</DATE_VALUE><DATETIMEOFFSET_VALUE>0.0</DATETIMEOFFSET_VALUE><DECIMAL_VALUE>0.0</DECIMAL_VALUE><FLOAT_VALUE>0</FLOAT_VALUE><IS_TEXT>X</IS_TEXT></item><item><ENTITY_ID>00000083</ENTITY_ID><TYPE>String</TYPE><STRING_LIKE_VALUE/><INTEGER_VALUE>0</INTEGER_VALUE><BOOLEAN_VALUE/><DATE_VALUE>0000-00-00</DATE_VALUE><DATETIMEOFFSET_VALUE>0.0</DATETIMEOFFSET_VALUE><DECIMAL_VALUE>0.0</DECIMAL_VALUE><FLOAT_VALUE>0</FLOAT_VALUE><IS_TEXT>X</IS_TEXT></item><item><ENTITY_ID>00000088</ENTITY_ID><TYPE>Path</TYPE><STRING_LIKE_VALUE>connid</STRING_LIKE_VALUE><INTEGER_VALUE>0</INTEGER_VALUE><BOOLEAN_VALUE/><DATE_VALUE>0000-00-00</DATE_VALUE><DATETIMEOFFSET_VALUE>0.0</DATETIMEOFFSET_VALUE><DECIMAL_VALUE>0.0</DECIMAL_VALUE><FLOAT_VALUE>0</FLOAT_VALUE><IS_TEXT/></item><item><ENTITY_ID>00000091</ENTITY_ID><TYPE>Path</TYPE><STRING_LIKE_VALUE>carrid</STRING_LIKE_VALUE><INTEGER_VALUE>0</INTEGER_VALUE><BOOLEAN_VALUE/><DATE_VALUE>0000-00-00</DATE_VALUE><DATETIMEOFFSET_VALUE>0.0</DATETIMEOFFSET_VALUE><DECIMAL_VALUE>0.0</DECIMAL_VALUE><FLOAT_VALUE>0</FLOAT_VALUE><IS_TEXT/></item><item><ENTITY_ID>00000096</ENTITY_ID><TYPE>Path</TYPE><STRING_LIKE_VALUE>carrid</STRING_LIKE_VALUE><INTEGER_VALUE>0</INTEGER_VALUE><BOOLEAN_VALUE/><DATE_VALUE>0000-00-00</DATE_VALUE><DATETIMEOFFSET_VALUE>0.0</DATETIMEOFFSET_VALUE><DECIMAL_VALUE>0.0</DECIMAL_VALUE><FLOAT_VALUE>0</FLOAT_VALUE><IS_TEXT/></item><item><ENTITY_ID>00000098</ENTITY_ID><TYPE>EnumMember</TYPE><STRING_LIKE_VALUE>UI.ImportanceType/High</STRING_LIKE_VALUE><INTEGER_VALUE>0</INTEGER_VALUE><BOOLEAN_VALUE/><DATE_VALUE>0000-00-00</DATE_VALUE><DATETIMEOFFSET_VALUE>0.0</DATETIMEOFFSET_VALUE><DECIMAL_VALUE>0.0</DECIMAL_VALUE><FLOAT_VALUE>0</FLOAT_VALUE><IS_TEXT/></item><item><ENTITY_ID>00000101</ENTITY_ID><TYPE>Path</TYPE><STRING_LIKE_VALUE>carrid</STRING_LIKE_VALUE><INTEGER_VALUE>0</INTEGER_VALUE><BOOLEAN_VALUE/><DATE_VALUE>0000-00-00</DATE_VALUE><DATETIMEOFFSET_VALUE>0.0</DATETIMEOFFSET_VALUE><DECIMAL_VALUE>0.0</DECIMAL_VALUE><FLOAT_VALUE>0</FLOAT_VALUE><IS_TEXT/></item><item><ENTITY_ID>00000104</ENTITY_ID><TYPE>Path</TYPE><STRING_LIKE_VALUE>connid</STRING_LIKE_VALUE><INTEGER_VALUE>0</INTEGER_VALUE><BOOLEAN_VALUE/><DATE_VALUE>0000-00-00</DATE_VALUE><DATETIMEOFFSET_VALUE>0.0</DATETIMEOFFSET_VALUE><DECIMAL_VALUE>0.0</DECIMAL_VALUE><FLOAT_VALUE>0</FLOAT_VALUE><IS_TEXT/></item></SIMPLE_VALUES><FUNCTIONS/><FUNCTION_PARAMS/><CON_EXPRESSIONS/><CON_EXPRESSION_PARAMS/><URLS/><LABELED_ELEMENTS/><TERMS/><VOCAN_TEXT_KEYS><item><ENTITY_ID_REF>00000007</ENTITY_ID_REF><TXT_OBJECT_TYPE>P</TXT_OBJECT_TYPE><TXT_OBJECT_ID>CARRID&gt;&lt;Zcounter_chilren&gt;&lt;UI.FIELDGROUP.GROUPLABEL</TXT_OBJECT_ID></item><item><ENTITY_ID_REF>00000027</ENTITY_ID_REF><TXT_OBJECT_TYPE>P</TXT_OBJECT_TYPE><TXT_OBJECT_ID>FLDATE&gt;&lt;Zsflight_Child&gt;&lt;UI.FIELDGROUP.GROUPLABEL</TXT_OBJECT_ID></item><item><ENTITY_ID_REF>00000042</ENTITY_ID_REF><TXT_OBJECT_TYPE>P</TXT_OBJECT_TYPE><TXT_OBJECT_ID>CARRID&gt;&lt;Zsflight_Child&gt;&lt;UI.LINEITEM.LABEL</TXT_OBJECT_ID></item><item><ENTITY_ID_REF>00000047</ENTITY_ID_REF><TXT_OBJECT_TYPE>P</TXT_OBJECT_TYPE><TXT_OBJECT_ID>CONNID&gt;&lt;Zsflight_Child&gt;&lt;UI.LINEITEM.LABEL</TXT_OBJECT_ID></item><item><ENTITY_ID_REF>00000052</ENTITY_ID_REF><TXT_OBJECT_TYPE>P</TXT_OBJECT_TYPE><TXT_OBJECT_ID>FLDATE&gt;&lt;Zsflight_Child&gt;&lt;UI.LINEITEM.LABEL</TXT_OBJECT_ID></item><item><ENTITY_ID_REF>00000061</ENTITY_ID_REF><TXT_OBJECT_TYPE>P</TXT_OBJECT_TYPE><TXT_OBJECT_ID>CONNID&gt;&lt;Zflight_Com&gt;&lt;UI.FIELDGROUP.GROUPLABEL</TXT_OBJECT_ID></item><item><ENTITY_ID_REF>00000072</ENTITY_ID_REF><TXT_OBJECT_TYPE>P</TXT_OBJECT_TYPE><TXT_OBJECT_ID>CARRID&gt;&lt;Zflight_Com&gt;&lt;UI.FIELDGROUP.GROUPLABEL</TXT_OBJECT_ID></item><item><ENTITY_ID_REF>00000081</ENTITY_ID_REF><TXT_OBJECT_TYPE>P</TXT_OBJECT_TYPE><TXT_OBJECT_ID>Zflight_Com&gt;&lt;UI.HEADERINFO.TYPENAME</TXT_OBJECT_ID></item><item><ENTITY_ID_REF>00000083</ENTITY_ID_REF><TXT_OBJECT_TYPE>P</TXT_OBJECT_TYPE><TXT_OBJECT_ID>Zflight_Com&gt;&lt;UI.HEADERINFO.TYPENAMEPLURAL</TXT_OBJECT_ID></item></VOCAN_TEXT_KEYS></VOCAN_MODEL><MODEL_OUTDATED>X</MODEL_OUTDATED><PERF_DATA><_-IWBEP_-SUTIL_HUB_PERF_DATA><TIME_START>130001830</TIME_START><TIME_STOP>1284249803</TIME_STOP><SOURCE_CLASS>/IWBEP/CL_MGW_REMOTE_HANDLER</SOURCE_CLASS><SOURCE_METHOD>GET_VOCAN_MODEL</SOURCE_METHOD><AGENT>REMOTE_SERVER</AGENT><NCALLS>1</NCALLS><LEVELNO>2</LEVELNO><PACKETNO>0</PACKETNO><ADDITIONAL_INFO/></_-IWBEP_-SUTIL_HUB_PERF_DATA><_-IWBEP_-SUTIL_HUB_PERF_DATA><TIME_START>626818515</TIME_START><TIME_STOP>626819761</TIME_STOP><SOURCE_CLASS>/IWBEP/CL_RAL_RT_FACADE_V2</SOURCE_CLASS><SOURCE_METHOD>/IWBEP/IF_RAL_RT_FACADE~HAS_ACTIVE_CONFIG</SOURCE_METHOD><AGENT/><NCALLS>2</NCALLS><LEVELNO>3</LEVELNO><PACKETNO>0</PACKETNO><ADDITIONAL_INFO/></_-IWBEP_-SUTIL_HUB_PERF_DATA></PERF_DATA><MESSAGE_HEADER><TRANSACTION_ID/><EXCEPTION_CATEGORY/><EXCEPTION_TXT/><EXCEPTION_LTXT/><EXCEPTION_CODE/><MESSAGE_CODE/><HTTP_CODE>000</HTTP_CODE><SAP_NOTE_ID>0000000000</SAP_NOTE_ID></MESSAGE_HEADER><MESSAGE_DETAILS/></asx:values></asx:abap>