<core:View
		xmlns:template="http://schemas.sap.com/sapui5/extension/sap.ui.core.template/1"
		xmlns="sap.m" xmlns:core="sap.ui.core"
		controllerName="sap.suite.ui.generic.template.ObjectPage.view.Details"
		xmlns:uxap="sap.uxap" xmlns:build="sap.build">

	<template:with path="entitySet>entityType" helper="sap.ui.model.odata.AnnotationHelper.gotoEntityType"
				   var="entityType">

		<Page showHeader="false" showNavButton="false" showFooter="{ui>/editable}"
			  class="sapSmartTemplatesObjectPage" build:metadata="#pattern:ObjectPage">
			<content>
				<uxap:ObjectPageLayout id="objectPage" flexEnabled="true"
									   enableLazyLoading="false" showHeaderContent="{= !${ui>/editable}}">
					<uxap:headerTitle>
						<uxap:ObjectPageHeader
								id="objectPageHeader"
								objectTitle="{path: 'entityType>com.sap.vocabularies.UI.v1.HeaderInfo/Title/Value', formatter: 'sap.suite.ui.generic.template.js.AnnotationHelper.formatHeaderTitle'} {path: 'entityType>com.sap.vocabularies.UI.v1.HeaderInfo/Title/Value', formatter: 'sap.suite.ui.generic.template.js.AnnotationHelper.formatWithExpandSimple'}"
								objectSubtitle="{= ${entityType>com.sap.vocabularies.UI.v1.HeaderInfo/Description/Value} ? ${path: 'entityType>com.sap.vocabularies.UI.v1.HeaderInfo/Description/Value', formatter: 'sap.suite.ui.generic.template.js.AnnotationHelper.formatWithExpandSimple'} : ''}"
								objectImageURI="{= ${entityType>com.sap.vocabularies.UI.v1.HeaderInfo/ImageUrl} ? ${path: 'entityType>com.sap.vocabularies.UI.v1.HeaderInfo/ImageUrl', formatter: 'sap.suite.ui.generic.template.js.AnnotationHelper.formatWithExpandSimple'} : (${entityType>com.sap.vocabularies.UI.v1.HeaderInfo/TypeImageUrl} ? ${path: 'entityType>com.sap.vocabularies.UI.v1.HeaderInfo/TypeImageUrl', formatter: 'sap.suite.ui.generic.template.js.AnnotationHelper.formatWithExpandSimple'} : '') }"
								showPlaceholder="false"
								markLocked="{= ${HasDraftEntity} &amp;&amp; ${IsActiveEntity} &amp;&amp; !!${DraftAdministrativeData/InProcessByUser}}"
								markLockedPress="._templateEventHandlers.onPressDraftInfo"
								markChanges="{= ${HasDraftEntity} &amp;&amp; ${IsActiveEntity} &amp;&amp; !${DraftAdministrativeData/InProcessByUser}}"
								markChangesPress="._templateEventHandlers.onPressDraftInfo"
								build:metadata="#pattern:Header;prop:objectTitle:Title;prop:objectSubtitle:Description;prop:imageSource:ImageSource:{path: 'meta>com.sap.vocabularies.UI.v1.HeaderInfo/ImageUrl', formatter: 'sap.ui.model.odata.AnnotationHelper.format'}">
							<core:Fragment fragmentName="sap.suite.ui.generic.template.ObjectPage.view.fragments.NavigationBar" type="XML"/>
							<core:Fragment fragmentName="sap.suite.ui.generic.template.ObjectPage.view.fragments.Breadcrumbs" type="XML"/>
							<core:Fragment fragmentName="sap.suite.ui.generic.template.ObjectPage.view.fragments.Actions" type="XML"/>
						</uxap:ObjectPageHeader>
					</uxap:headerTitle>
					<uxap:headerContent>
						<core:Fragment fragmentName="sap.suite.ui.generic.template.ObjectPage.view.fragments.HeaderContent" type="XML"/>
					</uxap:headerContent>
					<uxap:sections>
						<core:Fragment fragmentName="sap.suite.ui.generic.template.ObjectPage.view.fragments.Sections" type="XML"/>
					</uxap:sections>
				</uxap:ObjectPageLayout>
			</content>
			<footer>
				<core:Fragment fragmentName="sap.suite.ui.generic.template.ObjectPage.view.fragments.Footer" type="XML"/>
			</footer>
		</Page>

	</template:with>

</core:View>