{"d":{"__count":"11","results":[{"__metadata":{"id":"https://ldciqh3.wdf.sap.corp:44301/sap/opu/odata/sap/SEPMRA_PROD_MAN/SEPMRA_I_DimensionUnit('CM')","uri":"https://ldciqh3.wdf.sap.corp:44301/sap/opu/odata/sap/SEPMRA_PROD_MAN/SEPMRA_I_DimensionUnit('CM')","type":"SEPMRA_PROD_MAN.SEPMRA_I_DimensionUnitType"},"UnitOfMeasure":"CM","UnitOfMeasure_Text":"Centimeter"},{"__metadata":{"id":"https://ldciqh3.wdf.sap.corp:44301/sap/opu/odata/sap/SEPMRA_PROD_MAN/SEPMRA_I_DimensionUnit('DM')","uri":"https://ldciqh3.wdf.sap.corp:44301/sap/opu/odata/sap/SEPMRA_PROD_MAN/SEPMRA_I_DimensionUnit('DM')","type":"SEPMRA_PROD_MAN.SEPMRA_I_DimensionUnitType"},"UnitOfMeasure":"DM","UnitOfMeasure_Text":"Decimeter"},{"__metadata":{"id":"https://ldciqh3.wdf.sap.corp:44301/sap/opu/odata/sap/SEPMRA_PROD_MAN/SEPMRA_I_DimensionUnit('FT')","uri":"https://ldciqh3.wdf.sap.corp:44301/sap/opu/odata/sap/SEPMRA_PROD_MAN/SEPMRA_I_DimensionUnit('FT')","type":"SEPMRA_PROD_MAN.SEPMRA_I_DimensionUnitType"},"UnitOfMeasure":"FT","UnitOfMeasure_Text":"Foot"},{"__metadata":{"id":"https://ldciqh3.wdf.sap.corp:44301/sap/opu/odata/sap/SEPMRA_PROD_MAN/SEPMRA_I_DimensionUnit('%22')","uri":"https://ldciqh3.wdf.sap.corp:44301/sap/opu/odata/sap/SEPMRA_PROD_MAN/SEPMRA_I_DimensionUnit('%22')","type":"SEPMRA_PROD_MAN.SEPMRA_I_DimensionUnitType"},"UnitOfMeasure":"\"","UnitOfMeasure_Text":"Inch"},{"__metadata":{"id":"https://ldciqh3.wdf.sap.corp:44301/sap/opu/odata/sap/SEPMRA_PROD_MAN/SEPMRA_I_DimensionUnit('KM')","uri":"https://ldciqh3.wdf.sap.corp:44301/sap/opu/odata/sap/SEPMRA_PROD_MAN/SEPMRA_I_DimensionUnit('KM')","type":"SEPMRA_PROD_MAN.SEPMRA_I_DimensionUnitType"},"UnitOfMeasure":"KM","UnitOfMeasure_Text":"Kilometer"},{"__metadata":{"id":"https://ldciqh3.wdf.sap.corp:44301/sap/opu/odata/sap/SEPMRA_PROD_MAN/SEPMRA_I_DimensionUnit('M')","uri":"https://ldciqh3.wdf.sap.corp:44301/sap/opu/odata/sap/SEPMRA_PROD_MAN/SEPMRA_I_DimensionUnit('M')","type":"SEPMRA_PROD_MAN.SEPMRA_I_DimensionUnitType"},"UnitOfMeasure":"M","UnitOfMeasure_Text":"Meter"},{"__metadata":{"id":"https://ldciqh3.wdf.sap.corp:44301/sap/opu/odata/sap/SEPMRA_PROD_MAN/SEPMRA_I_DimensionUnit('%C2%B5M')","uri":"https://ldciqh3.wdf.sap.corp:44301/sap/opu/odata/sap/SEPMRA_PROD_MAN/SEPMRA_I_DimensionUnit('%C2%B5M')","type":"SEPMRA_PROD_MAN.SEPMRA_I_DimensionUnitType"},"UnitOfMeasure":"?��M","UnitOfMeasure_Text":"Micrometer"},{"__metadata":{"id":"https://ldciqh3.wdf.sap.corp:44301/sap/opu/odata/sap/SEPMRA_PROD_MAN/SEPMRA_I_DimensionUnit('MI')","uri":"https://ldciqh3.wdf.sap.corp:44301/sap/opu/odata/sap/SEPMRA_PROD_MAN/SEPMRA_I_DimensionUnit('MI')","type":"SEPMRA_PROD_MAN.SEPMRA_I_DimensionUnitType"},"UnitOfMeasure":"MI","UnitOfMeasure_Text":"Mile"},{"__metadata":{"id":"https://ldciqh3.wdf.sap.corp:44301/sap/opu/odata/sap/SEPMRA_PROD_MAN/SEPMRA_I_DimensionUnit('MM')","uri":"https://ldciqh3.wdf.sap.corp:44301/sap/opu/odata/sap/SEPMRA_PROD_MAN/SEPMRA_I_DimensionUnit('MM')","type":"SEPMRA_PROD_MAN.SEPMRA_I_DimensionUnitType"},"UnitOfMeasure":"MM","UnitOfMeasure_Text":"Millimeter"},{"__metadata":{"id":"https://ldciqh3.wdf.sap.corp:44301/sap/opu/odata/sap/SEPMRA_PROD_MAN/SEPMRA_I_DimensionUnit('NAM')","uri":"https://ldciqh3.wdf.sap.corp:44301/sap/opu/odata/sap/SEPMRA_PROD_MAN/SEPMRA_I_DimensionUnit('NAM')","type":"SEPMRA_PROD_MAN.SEPMRA_I_DimensionUnitType"},"UnitOfMeasure":"NAM","UnitOfMeasure_Text":"Nanometer"},{"__metadata":{"id":"https://ldciqh3.wdf.sap.corp:44301/sap/opu/odata/sap/SEPMRA_PROD_MAN/SEPMRA_I_DimensionUnit('YD')","uri":"https://ldciqh3.wdf.sap.corp:44301/sap/opu/odata/sap/SEPMRA_PROD_MAN/SEPMRA_I_DimensionUnit('YD')","type":"SEPMRA_PROD_MAN.SEPMRA_I_DimensionUnitType"},"UnitOfMeasure":"YD","UnitOfMeasure_Text":"Yards"}]}}
