{"d":{"__count":"3","results":[{"__metadata":{"id":"https://ldciag3.wdf.sap.corp:44354/sap/opu/odata/sap/ZSERVICE_POC_SRV/Z_C_Status_Fixedvalue('CMPD')","uri":"https://ldciag3.wdf.sap.corp:44354/sap/opu/odata/sap/ZSERVICE_POC_SRV/Z_C_Status_Fixedvalue('CMPD')","type":"ZSERVICE_POC_SRV.Z_C_Status_FixedvalueType"},"status_code":"CMPD","status_text":"Complete"},{"__metadata":{"id":"https://ldciag3.wdf.sap.corp:44354/sap/opu/odata/sap/ZSERVICE_POC_SRV/Z_C_Status_Fixedvalue('OPEN')","uri":"https://ldciag3.wdf.sap.corp:44354/sap/opu/odata/sap/ZSERVICE_POC_SRV/Z_C_Status_Fixedvalue('OPEN')","type":"ZSERVICE_POC_SRV.Z_C_Status_FixedvalueType"},"status_code":"OPEN","status_text":"Open"},{"__metadata":{"id":"https://ldciag3.wdf.sap.corp:44354/sap/opu/odata/sap/ZSERVICE_POC_SRV/Z_C_Status_Fixedvalue('PROC')","uri":"https://ldciag3.wdf.sap.corp:44354/sap/opu/odata/sap/ZSERVICE_POC_SRV/Z_C_Status_Fixedvalue('PROC')","type":"ZSERVICE_POC_SRV.Z_C_Status_FixedvalueType"},"status_code":"PROC","status_text":"In process"}]}}
