<?xml version="1.0" encoding="utf-8"?>
<edmx:Edmx
    xmlns:edmx="http://docs.oasis-open.org/odata/ns/edmx" Version="4.0">
    <edmx:Reference Uri="/sap/bc/ui5_ui5/ui2/ushell/resources/sap/ushell/components/factsheet/vocabularies/UI.xml">
        <edmx:Include Alias="UI" Namespace="com.sap.vocabularies.UI.v1"/>
    </edmx:Reference>
		<edmx:Reference Uri="/sap/opu/odata/IWFND/CATALOGSERVICE;v=2/Vocabularies(TechnicalName='%2FIWBEP%2FVOC_COMMUNICATION',Version='0001',SAP__Origin='LOCAL')/$value">
	<edmx:Include Namespace="com.sap.vocabularies.Communication.v1" Alias="Communication"/>
</edmx:Reference>
    <edmx:Reference Uri="/sap/opu/odata/sap/SEPMRA_PROD_MAN/$metadata">
        <edmx:Include Alias="SEPMRA_PROD_MAN" Namespace="SEPMRA_PROD_MAN"/>
    </edmx:Reference>
    <edmx:DataServices>
        <Schema
            xmlns="http://docs.oasis-open.org/odata/ns/edm">
            <!--===============================================================================
                Entity Type from chosen collection
                ================================================================================-->
            <Annotations Target="SEPMRA_PROD_MAN.SEPMRA_C_PD_ProductType">
                <Annotation Term="UI.Facets">
                    <Collection>
                        <Record Type="UI.CollectionFacet">
                            <PropertyValue Property="ID" String="ProductCollectionFacetID"/>
							<PropertyValue Property="Label" String="{@i18n>@GeneralInformation}"/>
                            <PropertyValue Property="Facets">
                                <Collection>
                                    <Record Type="UI.ReferenceFacet">
										<PropertyValue Property="Label" String="{@i18n>@GeneralInformation}"/>
                                        <PropertyValue Property="Target" AnnotationPath="@UI.FieldGroup#GeneralInformation" />
                                    </Record>
                                    <Record Type="UI.ReferenceFacet">
                                        <PropertyValue Property="Label" String="{@i18n>@TechnicalData}"/>
                                        <PropertyValue Property="Target" AnnotationPath="@UI.FieldGroup#TechnicalData" />
                                    </Record>
                                    <Record Type="UI.ReferenceFacet">
                                        <PropertyValue Property="Label" String="{@i18n>@ProductCategory}"/>
                                        <PropertyValue Property="Target" AnnotationPath="to_ProductCategory/@UI.Identification"/>
                                    </Record>
                                </Collection>
                            </PropertyValue>
                        </Record>
                        <Record Type="UI.ReferenceFacet">
                        <PropertyValue Property="Label" String="{@i18n>@ProductDescription}"/>
                        <PropertyValue Property="Target" AnnotationPath="to_ProductTextInOriginalLang/@UI.Identification" />
                        </Record>
                        <Record Type="UI.ReferenceFacet">
                            <PropertyValue Property="Label" String="{@i18n>@ProductDescriptions}"/>
                            <PropertyValue Property="Target" AnnotationPath="to_ProductText/@UI.LineItem" />
                        </Record>
                        <Record Type="UI.ReferenceFacet">
                            <PropertyValue Property="Label"  String="{@i18n>@Supplier}"/>
                            <PropertyValue Property="Target" AnnotationPath="to_Supplier/@UI.Identification"/>
                        </Record>
                        <Record Type="UI.ReferenceFacet">
                            <PropertyValue Property="Label"  String="{@i18n>@Contacts}"/>
                            <PropertyValue Property="Target" AnnotationPath="to_EmployeeContact/@Communication.Contact"/>
                        </Record>
                    </Collection>
                </Annotation>
            </Annotations>
            <!--===============================================================================
                Entity Type from chosen navigation property
                ================================================================================-->
            <Annotations Target="SEPMRA_PROD_MAN.SEPMRA_C_PD_ProductTextType">
                <Annotation Term="UI.Facets">
                    <Collection>
                        <Record Type="UI.CollectionFacet">
                            <PropertyValue Property="ID" String="ProductTextCollectionFacetID"/>
                            <PropertyValue Property="Label" String="{@i18n>@ProductDescription}"/>
                            <PropertyValue Property="Facets">
                                <Collection>
                                    <Record Type="UI.ReferenceFacet">
                                        <PropertyValue Property="Label" String="{@i18n>@ProductDescription}"/>
                                        <PropertyValue Property="Target" AnnotationPath="@UI.Identification" />
                                    </Record>
                                </Collection>
                            </PropertyValue>
                        </Record>
                    </Collection>
                </Annotation>
            </Annotations>
        </Schema>
    </edmx:DataServices>
</edmx:Edmx>
