{"d":{"__metadata":{"id":"https://ldciqh3.wdf.sap.corp:44301/sap/opu/odata/sap/SEPMRA_PROD_MAN/SEPMRA_C_PD_Product(ProductDraftUUID=guid'00000000-0000-0000-0000-000000000000',ActiveProduct='HT-1001')","uri":"https://ldciqh3.wdf.sap.corp:44301/sap/opu/odata/sap/SEPMRA_PROD_MAN/SEPMRA_C_PD_Product(ProductDraftUUID=guid'00000000-0000-0000-0000-000000000000',ActiveProduct='HT-1001')","type":"SEPMRA_PROD_MAN.SEPMRA_C_PD_ProductType"},"Activation_ac":false,"Copy_ac":true,"Copywithparams_ac":true,"Delete_ac":true,"Edit_ac":true,"Preparation_ac":false,"Validation_ac":false,"Product_fc":7,"ProductDraftUUID":"00000000-0000-0000-0000-000000000000","ActiveProduct":"HT-1001","Product":"HT-1001","ProductNameInOriginalLanguage":"Notebook Basic 17","ProductCategory":"Notebooks","Price":"1249.000","Currency":"USD","Height":"3.100","Width":"29.000","Depth":"17.000","DimensionUnit":"CM","ProductPictureURL":"/sap/public/bc/NWDEMO_MODEL/IMAGES/HT-1001.jpg","Supplier":"100000001","ProductBaseUnit":"EA","Weight":"4.500","WeightUnit":"KG","OriginalLanguage":"EN","IsActiveEntity":true,"HasActiveEntity":false,"HasDraftEntity":false,"DraftAdministrativeData":{"__deferred":{"uri":"https://ldciqh3.wdf.sap.corp:44301/sap/opu/odata/sap/SEPMRA_PROD_MAN/SEPMRA_C_PD_Product(ProductDraftUUID=guid'00000000-0000-0000-0000-000000000000',ActiveProduct='HT-1001')/DraftAdministrativeData"}},"SiblingEntity":{"__deferred":{"uri":"https://ldciqh3.wdf.sap.corp:44301/sap/opu/odata/sap/SEPMRA_PROD_MAN/SEPMRA_C_PD_Product(ProductDraftUUID=guid'00000000-0000-0000-0000-000000000000',ActiveProduct='HT-1001')/SiblingEntity"}},"to_CollaborativeReview":{"__deferred":{"uri":"https://ldciqh3.wdf.sap.corp:44301/sap/opu/odata/sap/SEPMRA_PROD_MAN/SEPMRA_C_PD_Product(ProductDraftUUID=guid'00000000-0000-0000-0000-000000000000',ActiveProduct='HT-1001')/to_CollaborativeReview"}},"to_CollaborativeReviewPost":{"__deferred":{"uri":"https://ldciqh3.wdf.sap.corp:44301/sap/opu/odata/sap/SEPMRA_PROD_MAN/SEPMRA_C_PD_Product(ProductDraftUUID=guid'00000000-0000-0000-0000-000000000000',ActiveProduct='HT-1001')/to_CollaborativeReviewPost"}},"to_Currency":{"__deferred":{"uri":"https://ldciqh3.wdf.sap.corp:44301/sap/opu/odata/sap/SEPMRA_PROD_MAN/SEPMRA_C_PD_Product(ProductDraftUUID=guid'00000000-0000-0000-0000-000000000000',ActiveProduct='HT-1001')/to_Currency"}},"to_CurrencyValueHelp":{"__deferred":{"uri":"https://ldciqh3.wdf.sap.corp:44301/sap/opu/odata/sap/SEPMRA_PROD_MAN/SEPMRA_C_PD_Product(ProductDraftUUID=guid'00000000-0000-0000-0000-000000000000',ActiveProduct='HT-1001')/to_CurrencyValueHelp"}},"to_DimensionUnit":{"__metadata":{"id":"https://ldciqh3.wdf.sap.corp:44301/sap/opu/odata/sap/SEPMRA_PROD_MAN/SEPMRA_I_DimensionUnit('CM')","uri":"https://ldciqh3.wdf.sap.corp:44301/sap/opu/odata/sap/SEPMRA_PROD_MAN/SEPMRA_I_DimensionUnit('CM')","type":"SEPMRA_PROD_MAN.SEPMRA_I_DimensionUnitType"},"UnitOfMeasure":"CM","UnitOfMeasure_Text":"Centimeter","UnitOfMeasureISOCode":"CMT"},"to_OriginalLanguage":{"__deferred":{"uri":"https://ldciqh3.wdf.sap.corp:44301/sap/opu/odata/sap/SEPMRA_PROD_MAN/SEPMRA_C_PD_Product(ProductDraftUUID=guid'00000000-0000-0000-0000-000000000000',ActiveProduct='HT-1001')/to_OriginalLanguage"}},"to_PriceRange":{"__deferred":{"uri":"https://ldciqh3.wdf.sap.corp:44301/sap/opu/odata/sap/SEPMRA_PROD_MAN/SEPMRA_C_PD_Product(ProductDraftUUID=guid'00000000-0000-0000-0000-000000000000',ActiveProduct='HT-1001')/to_PriceRange"}},"to_ProductBaseUnit":{"__metadata":{"id":"https://ldciqh3.wdf.sap.corp:44301/sap/opu/odata/sap/SEPMRA_PROD_MAN/SEPMRA_I_QuantityUnit('EA')","uri":"https://ldciqh3.wdf.sap.corp:44301/sap/opu/odata/sap/SEPMRA_PROD_MAN/SEPMRA_I_QuantityUnit('EA')","type":"SEPMRA_PROD_MAN.SEPMRA_I_QuantityUnitType"},"UnitOfMeasure":"EA","UnitOfMeasure_Text":"each","UnitOfMeasureISOCode":"EA"},"to_ProductCategory":{"__deferred":{"uri":"https://ldciqh3.wdf.sap.corp:44301/sap/opu/odata/sap/SEPMRA_PROD_MAN/SEPMRA_C_PD_Product(ProductDraftUUID=guid'00000000-0000-0000-0000-000000000000',ActiveProduct='HT-1001')/to_ProductCategory"}},"to_ProductImage":{"__deferred":{"uri":"https://ldciqh3.wdf.sap.corp:44301/sap/opu/odata/sap/SEPMRA_PROD_MAN/SEPMRA_C_PD_Product(ProductDraftUUID=guid'00000000-0000-0000-0000-000000000000',ActiveProduct='HT-1001')/to_ProductImage"}},"to_ProductSalesData":{"__deferred":{"uri":"https://ldciqh3.wdf.sap.corp:44301/sap/opu/odata/sap/SEPMRA_PROD_MAN/SEPMRA_C_PD_Product(ProductDraftUUID=guid'00000000-0000-0000-0000-000000000000',ActiveProduct='HT-1001')/to_ProductSalesData"}},"to_ProductStock":{"__deferred":{"uri":"https://ldciqh3.wdf.sap.corp:44301/sap/opu/odata/sap/SEPMRA_PROD_MAN/SEPMRA_C_PD_Product(ProductDraftUUID=guid'00000000-0000-0000-0000-000000000000',ActiveProduct='HT-1001')/to_ProductStock"}},"to_ProductTextInOriginalLang":{"__metadata":{"id":"https://ldciqh3.wdf.sap.corp:44301/sap/opu/odata/sap/SEPMRA_PROD_MAN/SEPMRA_C_PD_ProductText(ProductTextDraftUUID=guid'00000000-0000-0000-0000-000000000000',ActiveProduct='HT-1001',ActiveLanguage='EN')","uri":"https://ldciqh3.wdf.sap.corp:44301/sap/opu/odata/sap/SEPMRA_PROD_MAN/SEPMRA_C_PD_ProductText(ProductTextDraftUUID=guid'00000000-0000-0000-0000-000000000000',ActiveProduct='HT-1001',ActiveLanguage='EN')","type":"SEPMRA_PROD_MAN.SEPMRA_C_PD_ProductTextType"},"Preparation_ac":false,"Validation_ac":false,"ProductTextDraftUUID":"00000000-0000-0000-0000-000000000000","ActiveProduct":"HT-1001","ActiveLanguage":"EN","Language":"EN","Name":"Notebook Basic 17","Description":"Notebook Basic 17 with 2,80 GHz quad core, 17\" LCD, 4 GB DDR3 RAM, 500 GB Hard Disc, Windows 8 Pro","IsActiveEntity":true,"HasActiveEntity":false,"HasDraftEntity":false,"DraftAdministrativeData":{"__deferred":{"uri":"https://ldciqh3.wdf.sap.corp:44301/sap/opu/odata/sap/SEPMRA_PROD_MAN/SEPMRA_C_PD_ProductText(ProductTextDraftUUID=guid'00000000-0000-0000-0000-000000000000',ActiveProduct='HT-1001',ActiveLanguage='EN')/DraftAdministrativeData"}},"SiblingEntity":{"__deferred":{"uri":"https://ldciqh3.wdf.sap.corp:44301/sap/opu/odata/sap/SEPMRA_PROD_MAN/SEPMRA_C_PD_ProductText(ProductTextDraftUUID=guid'00000000-0000-0000-0000-000000000000',ActiveProduct='HT-1001',ActiveLanguage='EN')/SiblingEntity"}},"to_Language":{"__deferred":{"uri":"https://ldciqh3.wdf.sap.corp:44301/sap/opu/odata/sap/SEPMRA_PROD_MAN/SEPMRA_C_PD_ProductText(ProductTextDraftUUID=guid'00000000-0000-0000-0000-000000000000',ActiveProduct='HT-1001',ActiveLanguage='EN')/to_Language"}},"to_Product":{"__deferred":{"uri":"https://ldciqh3.wdf.sap.corp:44301/sap/opu/odata/sap/SEPMRA_PROD_MAN/SEPMRA_C_PD_ProductText(ProductTextDraftUUID=guid'00000000-0000-0000-0000-000000000000',ActiveProduct='HT-1001',ActiveLanguage='EN')/to_Product"}}},"to_Supplier":{"__deferred":{"uri":"https://ldciqh3.wdf.sap.corp:44301/sap/opu/odata/sap/SEPMRA_PROD_MAN/SEPMRA_C_PD_Product(ProductDraftUUID=guid'00000000-0000-0000-0000-000000000000',ActiveProduct='HT-1001')/to_Supplier"}},"to_WeightUnit":{"__metadata":{"id":"https://ldciqh3.wdf.sap.corp:44301/sap/opu/odata/sap/SEPMRA_PROD_MAN/SEPMRA_I_WeightUnit('KG')","uri":"https://ldciqh3.wdf.sap.corp:44301/sap/opu/odata/sap/SEPMRA_PROD_MAN/SEPMRA_I_WeightUnit('KG')","type":"SEPMRA_PROD_MAN.SEPMRA_I_WeightUnitType"},"UnitOfMeasure":"KG","UnitOfMeasure_Text":"Kilogram","UnitOfMeasureISOCode":"KGM"}}}
