<core:FragmentDefinition xmlns:template="http://schemas.sap.com/sapui5/extension/sap.ui.core.template/1"
						 xmlns="sap.m" xmlns:core="sap.ui.core" xmlns:smartlink="sap.ui.comp.navpopover"
						 xmlns:smarttable="sap.ui.comp.smarttable" xmlns:table="sap.ui.table"
						 xmlns:customData="http://schemas.sap.com/sapui5/extension/sap.ui.core.CustomData/1"
						 xmlns:build="sap.build">

	<template:with path="entityType>com.sap.vocabularies.UI.v1.HeaderInfo" var="header">
		<smarttable:SmartTable id="listReport" smartFilterId="listReportFilter"
							   persistencyKey="listReportFloorplanTable"
							   header="{path: 'header>TypeNamePlural', formatter: 'sap.ui.model.odata.AnnotationHelper.format'}"
							   beforeRebindTable="._templateEventHandlers.onBeforeRebindTable"
							   dataReceived="onDataReceived"
							   useVariantManagement="{= !${parameter>/settings/hideTableVariantManagement}}"
							   afterVariantSave="._templateEventHandlers.onAfterTableVariantSave"
							   afterVariantApply="._templateEventHandlers.onAfterApplyTableVariant"
							   entitySet="{parameter>/entitySet}"
							   class="sapSmartTemplatesListReportSmartTable"
							   demandPopin="{= (!(${entityType>sap:semantics} === 'aggregate') &amp;&amp; !${parameter>/settings/gridTable}) || ${device>/system/phone} ? 'true' : 'false'}"
							   useExportToExcel="false"
							   customData:p13nDialogSettings='{filter:{visible:false}}'
							   build:metadata="#pattern:Table;staticProp:header:Title">
			<smarttable:customData>
				<core:CustomData key="enableInResultForLineItem" value="true"/>
				<core:CustomData key="dateFormatSettings" value='\{"UTC":true,"style":"short"\}'/>
				<template:with path="entityType>com.sap.vocabularies.UI.v1.PresentationVariant" var="variant">
					<template:if test="{= ${variant>SortOrder}}">
						<core:CustomData key="TemplateSortOrder"
										 value="{path: 'variant>SortOrder', formatter: 'sap.suite.ui.generic.template.js.AnnotationHelper.getSortOrder'}"/>
					</template:if>
				</template:with>
			</smarttable:customData>
			<smarttable:layoutData>
				<FlexItemData growFactor="1"/>
			</smarttable:layoutData>
			<smarttable:semanticObjectController>
				<smartlink:SemanticObjectController beforePopoverOpens="._templateEventHandlers.onBeforeSemanticObjectLinkPopoverOpens"
													navigate="._templateEventHandlers.onSemanticObjectLinkPopoverLinkPressed"
													prefetchNavigationTargets="true"/>
			</smarttable:semanticObjectController>
			<smarttable:customToolbar>
				<core:Fragment fragmentName="sap.suite.ui.generic.template.ListReport.view.fragments.SmartTableToolbar"
							   type="XML"/>
			</smarttable:customToolbar>
			<template:if test="{= ${entityType>sap:semantics} === 'aggregate'  &amp;&amp; !${device>/system/phone}}"
						 build:metadata="#ignore">
				<template:then>
					<table:AnalyticalTable id="analyticalTable" visibleRowCountMode="Auto"
										   allowColumnReordering="true" showColumnVisibilityMenu="false"
										   expandFirstLevel="false"
										   selectionMode="{= (${path: 'entityType>com.sap.vocabularies.UI.v1.LineItem', formatter: 'sap.suite.ui.generic.template.js.AnnotationHelper.hasActions'}
																|| ${parts: [{path: 'parameter>/entitySet'}, {path: 'parameter>/manifest/sap.ui5/extends/extensions/sap.ui.controllerExtensions/sap.suite.ui.generic.template.ListReport.view.ListReport/sap.ui.generic.app'}], formatter: 'sap.suite.ui.generic.template.js.AnnotationHelper.hasCustomActions'}
																) ?
																( ${parameter>/settings/multiSelect} === true ? 'MultiToggle' : 'Single' ) : '{= ${_templPriv>/listReport/isLeaf} ? \'None\' : \'Single\' }' }"
										   enableColumnFreeze="true" enableCellFilter="true">
						<table:columns>
							<core:ExtensionPoint name="AnalyticalTableColumnsExtension|{entitySet>name}"/>
						</table:columns>
					</table:AnalyticalTable>
				</template:then>
				<template:elseif test="{= ${parameter>/settings/gridTable} &amp;&amp; !${device>/system/phone}}"
								 build:metadata="#ignore">
					<table:Table id="GridTable" visibleRowCountMode="Auto"
								 allowColumnReordering="true" showColumnVisibilityMenu="false"
								 selectionMode="{= (${path: 'entityType>com.sap.vocabularies.UI.v1.LineItem', formatter: 'sap.suite.ui.generic.template.js.AnnotationHelper.hasActions'}
													|| ${parts: [{path: 'parameter>/entitySet'}, {path: 'parameter>/manifest/sap.ui5/extends/extensions/sap.ui.controllerExtensions/sap.suite.ui.generic.template.ListReport.view.ListReport/sap.ui.generic.app'}], formatter: 'sap.suite.ui.generic.template.js.AnnotationHelper.hasCustomActions'}
													) ?
													( ${parameter>/settings/multiSelect} === true ? 'Multi' : 'Single' ) : '{= ${_templPriv>/listReport/isLeaf} ? \'None\' : \'Single\' }' }"
								 enableColumnFreeze="true" enableCellFilter="true">
						<table:columns>
							<core:ExtensionPoint name="GridTableColumnsExtension|{entitySet>name}"/>
						</table:columns>
					</table:Table>
				</template:elseif>
				<template:else build:metadata="#ignore">
					<Table id="responsiveTable"
						   fixedLayout="false" growing="true" growingScrollToLoad="true"
						   growingThreshold="50"
						   mode="{= (${path: 'entityType>com.sap.vocabularies.UI.v1.LineItem', formatter: 'sap.suite.ui.generic.template.js.AnnotationHelper.hasActions'}
													|| ${parts: [{path: 'parameter>/entitySet'}, {path: 'parameter>/manifest/sap.ui5/extends/extensions/sap.ui.controllerExtensions/sap.suite.ui.generic.template.ListReport.view.ListReport/sap.ui.generic.app'}], formatter: 'sap.suite.ui.generic.template.js.AnnotationHelper.hasCustomActions'}
													) ?
													( ${parameter>/settings/multiSelect} === true ? 'MultiSelect' : 'SingleSelectLeft' ) : 'None' }">
						<template:with path="entitySet>" var="listEntitySet">
							<template:with path="entityType>com.sap.vocabularies.UI.v1.LineItem"
										   var="collection">
								<core:Fragment fragmentName="sap.suite.ui.generic.template.fragments.TableColumns"
											   type="XML"/>
							</template:with>
						</template:with>
					</Table>
				</template:else>
			</template:if>
		</smarttable:SmartTable>
	</template:with>

</core:FragmentDefinition>
