<core:FragmentDefinition xmlns:template="http://schemas.sap.com/sapui5/extension/sap.ui.core.template/1"
						 xmlns="sap.m" xmlns:core="sap.ui.core" xmlns:smartfilterbar="sap.ui.comp.smartfilterbar"
						 xmlns:build="sap.build">

	<smartfilterbar:SmartFilterBar id="listReportFilter" entityType="{parameter>/entityType}"
								   persistencyKey="searchListReportVariant"
								   enableBasicSearch="{= !(${entitySet>Org.OData.Capabilities.V1.SearchRestrictions/Searchable/Bool} === 'false') }"
								   initialise="._templateEventHandlers.onInitSmartFilterBar"
								   search="._templateEventHandlers.onSearchButtonPressed"
								   beforeVariantSave="._templateEventHandlers.onBeforeSFBVariantSave"
								   afterVariantLoad="._templateEventHandlers.onAfterSFBVariantLoad"
								   build:metadata="#pattern:FilterBar;staticProp:enableBasicSearch:AllowFreeSearch">
		<smartfilterbar:controlConfiguration>
			<template:repeat list="{entityType>com.sap.vocabularies.UI.v1.SelectionFields}"
							 var="selectionField">
				<smartfilterbar:ControlConfiguration key="{= (${selectionField>PropertyPath}).replace('/', '.') }"
													 visibleInAdvancedArea="true" groupId="_BASIC"
													 index="{path: 'selectionField>', formatter: 'sap.suite.ui.generic.template.js.AnnotationHelper.getRepeatIndex'}"
													 build:metadata="#pattern:Filter;staticProp:description:Description:{path:'selectionField>PropertyPath@@sap:label'};prop:key:FilterOn"/>
			</template:repeat>
			<template:if test="{parameter>/isDraftEnabled}">
				<template:with
						path="entityType>navigationProperty/[sap.suite.ui.generic.template === 'DraftAdministrativeData']/" var="draftAdminData">
					<template:if test="{= (${draftAdminData>sap:filterable} === undefined || ${draftAdminData>sap:filterable}) }">

						<smartfilterbar:ControlConfiguration key="EditState" index="0" id="editStateControlConfiguration"
															 label="{i18n>EDITING_STATUS}"
															 groupId="_BASIC">
							<smartfilterbar:customControl>
								<ComboBox selectedKey="0" id="editStateFilter">
									<core:Item key="0" text="{i18n>ALL_OBJECTS}"/>
									<core:Item key="2" text="{i18n>DRAFT_OBJECT_FILTER}"/>
									<core:Item key="3" text="{i18n>LOCKED_OBJECT_FILTER}"/>
									<core:Item key="4" text="{i18n>UNSAVED_CHANGES_FILTER}"/>
									<core:Item key="1" text="{i18n>NO_CHANGES}"/>
								</ComboBox>
							</smartfilterbar:customControl>
						</smartfilterbar:ControlConfiguration>
					</template:if>
				</template:with>
			</template:if>
			<core:ExtensionPoint name="SmartFilterBarControlConfigurationExtension|{entitySet>name}"/>
		</smartfilterbar:controlConfiguration>
		<smartfilterbar:customData>
			<core:CustomData key="defaultDropDownDisplayBehaviour" value="descriptionOnly"/>
			<core:CustomData key="dateFormatSettings" value='\{"UTC":true,"style":"short"\}'/>
		</smartfilterbar:customData>
		<smartfilterbar:layoutData>
			<FlexItemData shrinkFactor="0"/>
		</smartfilterbar:layoutData>
	</smartfilterbar:SmartFilterBar>

</core:FragmentDefinition>