<core:FragmentDefinition xmlns:template="http://schemas.sap.com/sapui5/extension/sap.ui.core.template/1"
						 xmlns="sap.m" xmlns:core="sap.ui.core" xmlns:build="sap.build">

	<OverflowToolbar design="Transparent">
		<ToolbarSpacer/>
		<!-- Custom Action Breakout -->
		<template:repeat list="{parameter>/manifest/sap.ui5/extends/extensions/sap.ui.controllerExtensions/sap.suite.ui.generic.template.ListReport.view.ListReport/sap.ui.generic.app}" var="tmpEntitySet">
			<template:if test="{= ${tmpEntitySet>EntitySet} === ${parameter>/entitySet} }">
				<template:repeat list="{tmpEntitySet>Actions}" var="customaction">
					<Button id="{customaction>id}"
							text="{customaction>text}"
							press="{customaction>press}" type="Transparent">
						<layoutData>
							<OverflowToolbarLayoutData
									moveToOverflow="{= !(${customaction>importance} === 'com.sap.vocabularies.UI.v1.ImportanceType/High')}"
									stayInOverflow="{= ${customaction>importance} === 'com.sap.vocabularies.UI.v1.ImportanceType/Low'}"/>
						</layoutData>
					</Button>
				</template:repeat>
			</template:if>
		</template:repeat>

		<template:repeat list="{entityType>com.sap.vocabularies.UI.v1.LineItem}" var="dataField">
			<template:if test="{= ${dataField>RecordType} === 'com.sap.vocabularies.UI.v1.DataFieldForAction' || ${dataField>RecordType} === 'com.sap.vocabularies.UI.v1.DataFieldForIntentBasedNavigation'}"
						 build:metadata="#ignore">
				<template:with path="dataField>Action"
							   helper="sap.ui.model.odata.AnnotationHelper.gotoFunctionImport"
							   var="action">
					<Button id="action::{path: 'dataField>', formatter: 'sap.suite.ui.generic.template.js.AnnotationHelper.getStableIdPartFromDataField'}"
							text="{path: 'dataField>Label', formatter: 'sap.ui.model.odata.AnnotationHelper.format'}"
							press="._templateEventHandlers.onCallAction" type="Transparent"
							build:metadata="#pattern:ActionButton;staticProp:text:Label;staticProp::Importance:{dataField>com.sap.vocabularies.UI.v1.Importance/EnumMember};condition:dataField>RecordType:com.sap.vocabularies.UI.v1.DataFieldForAction">
						<layoutData>
							<OverflowToolbarLayoutData
									moveToOverflow="{= !(${dataField>com.sap.vocabularies.UI.v1.Importance/EnumMember} === 'com.sap.vocabularies.UI.v1.ImportanceType/High')}"
									stayInOverflow="{= ${dataField>com.sap.vocabularies.UI.v1.Importance/EnumMember} === 'com.sap.vocabularies.UI.v1.ImportanceType/Low'}"/>
						</layoutData>
						<customData>
							<core:CustomData key="Type" value="{dataField>RecordType}"/>
							<template:if test="{= ${dataField>SemanticObject}}">
								<core:CustomData key="SemanticObject"
												 value="{path: 'dataField>SemanticObject', formatter: 'sap.ui.model.odata.AnnotationHelper.format'}"/>
							</template:if>
							<core:CustomData key="Action"
											 value="{path: 'dataField>Action', formatter: 'sap.ui.model.odata.AnnotationHelper.format'}"/>
							<core:CustomData key="Label"
											 value="{path: 'dataField>Label', formatter: 'sap.ui.model.odata.AnnotationHelper.format'}"/>
							<core:CustomData key="OperationGrouping"
											 value="{path: 'dataField>com.sap.vocabularies.UI.v1.OperationGrouping/EnumMember'}"/>
						</customData>
					</Button>
				</template:with>
			</template:if>
		</template:repeat>
		<template:if test="{= (${entityType>sap:semantics} === 'aggregate' || ${parameter>/settings/gridTable}) &amp;&amp; !${device>/system/phone}}">
			<Button id="showDetails"
					text="{i18n>NAVIGATE_TO_DETAIL}" press="._templateEventHandlers.onCallActionFromList"
					visible="{= !${_templPriv>/listReport/isLeaf} }" type="Transparent">
				<customData>
					<core:CustomData key="Type" value="showDetails"/>
				</customData>
			</Button>
		</template:if>
		<template:if test="{= !(${entitySet>Org.OData.Capabilities.V1.InsertRestrictions/Insertable/Bool} === 'false') }">
			<OverflowToolbarButton id="addEntry"
					icon="sap-icon://add"
					tooltip="{path:'i18n>CREATE_NEW_OBJECT_DYN', formatter: '._templateFormatters.formatNewObjectTooltip'}"
					text="{path:'i18n>CREATE_NEW_OBJECT_DYN', formatter: '._templateFormatters.formatNewObjectTooltip'}"
					press="._templateEventHandlers.addEntry" type="Transparent"/>
		</template:if>
	</OverflowToolbar>

</core:FragmentDefinition>