<core:FragmentDefinition
	xmlns:customData="http://schemas.sap.com/sapui5/extension/sap.ui.core.CustomData/1"
	xmlns:template="http://schemas.sap.com/sapui5/extension/sap.ui.core.template/1"
	xmlns="sap.m" xmlns:build="sap.build" xmlns:sfi="sap.ui.comp.smartfield"
	xmlns:core="sap.ui.core">
	<!-- @classdesc @name: Name: sap.suite.ui.generic.template.fragments.TableColumns.fragment.xml 
		@description: - visualizes one column (header and data) @param {UI.LineItem} 
		[collection] @param {Edm.EntitySet} [listEntitySet] -->

	<columns>
		<template:repeat list="{collection>}" var="dataField">
			<template:with path="dataField>"
				helper="sap.ui.model.odata.AnnotationHelper.resolvePath" var="target">
				<template:if
					test="{= ${dataField>RecordType} !== 'com.sap.vocabularies.UI.v1.DataFieldForAction' &amp;&amp; ${dataField>RecordType} !== 'com.sap.vocabularies.UI.v1.DataFieldForIntentBasedNavigation'}"
					build:metadata="#ignore">
					<template:with path="dataField>Value"
						helper="sap.ui.model.odata.AnnotationHelper.resolvePath" var="dataFieldValue">
						<Column
							customData:p13nData="{parts: [{path: 'listEntitySet>'}, {path: 'dataFieldValue>'}, {path: 'dataField>'}], formatter: 'sap.suite.ui.generic.template.js.AnnotationHelper.createP13N'}"
							visible="{= ${target>com.sap.vocabularies.UI.v1.Importance/EnumMember} === 'com.sap.vocabularies.UI.v1.ImportanceType/High' ? 'true' :
								( ${target>com.sap.vocabularies.UI.v1.Importance/EnumMember} === 'com.sap.vocabularies.UI.v1.ImportanceType/Medium' &amp;&amp; ( ${device>/system/tablet} || ${device>/system/desktop} ) ? 'true' : ${device>/system/desktop} ? 'true' : 'false' ) }"
							hAlign="{= ${dataField>Criticality} ? '' : (!!${dataField>EdmType} &amp;&amp; ${dataField>EdmType} !== 'Edm.String' &amp;&amp; ${dataField>EdmType} !== 'Edm.Boolean' &amp;&amp; ${dataField>EdmType} !== 'Edm.Guid' ? 'End' : '')}"
							build:metadata="#pattern:Column;staticProp::Importance:{target>com.sap.vocabularies.UI.v1.Importance/EnumMember};condition:collection>AnnotationType:com.sap.vocabularies.UI.v1.LineItem">
							<template:if test="{dataField>Label}" build:metadata="#ignore">
								<template:then build:metadata="#ignore">
									<Text
										text="{path: 'dataField>Label', formatter: 'sap.ui.model.odata.AnnotationHelper.format'}"
										build:metadata="#pattern:Column;staticProp:text:Title;" />
								</template:then>
								<template:else>
									<Text
										text="{path: 'dataFieldValue>com.sap.vocabularies.Common.v1.Label', formatter: 'sap.ui.model.odata.AnnotationHelper.format'}" />
								</template:else>
							</template:if>
						</Column>
					</template:with>
				</template:if>
			</template:with>
		</template:repeat>
		<template:if test="{= ${facet>Target/AnnotationPath} }">
			<template:then>
				<core:ExtensionPoint
					name="ResponsiveTableColumnsExtension|{listEntitySet>name}|{path: 'facet>', formatter: 'sap.suite.ui.generic.template.js.AnnotationHelper.getStableIdPartFromFacet'}" />
			</template:then>
			<template:else>
				<core:ExtensionPoint
					name="ResponsiveTableColumnsExtension|{listEntitySet>name}" />
			</template:else>
		</template:if>
	</columns>
	<items>
		<ColumnListItem
			type="{parts: [{path: 'listEntitySet>'}, {path: 'parameter>/settings/subPages/'}], formatter: 'sap.suite.ui.generic.template.js.AnnotationHelper.getColumnListItemType'}"
			press="._templateEventHandlers.onListNavigate">
			<cells>
				<template:repeat list="{collection>}" var="dataField">
					<template:if
						test="{= ${dataField>RecordType} !== 'com.sap.vocabularies.UI.v1.DataFieldForAction' &amp;&amp; ${dataField>RecordType} !== 'com.sap.vocabularies.UI.v1.DataFieldForIntentBasedNavigation'}"
						build:metadata="#ignore">
						<VBox class="sapMTableContentMargin">
							<items>
								<template:with path="dataField>"
									helper="sap.ui.model.odata.AnnotationHelper.resolvePath" var="target">
									<template:with path="dataField>Value"
										helper="sap.ui.model.odata.AnnotationHelper.resolvePath" var="target">
										<sfi:SmartField editable="{ui>/editable}"
											uomEditable="false" change="._templateEventHandlers.onChange"
											controlContext="ResponsiveTable"
											proposedControl="{= (${target>com.sap.vocabularies.Common.v1.Text} &amp;&amp; !${dataField>Criticality}) ? 'ObjectIdentifier' : ''}"
											value="{path: 'dataField>Value', formatter: 'sap.ui.model.odata.AnnotationHelper.simplePath'}"
											url="{= ${dataField>RecordType} === 'com.sap.vocabularies.UI.v1.DataFieldWithUrl' &amp;&amp; ${dataField>Url} ? ${path: 'dataField>Url', formatter: 'sap.ui.model.odata.AnnotationHelper.simplePath'} : ''}"
											build:metadata="#pattern:Column;prop:virtualProp1:Value:{dataField>Value};prop:virtualProp2:Currency:{dataField>Value@@Org.OData.Measures.V1.ISOCurrency};prop:additionalValue:AdditionalValue:{dataField>Value@@com.sap.vocabularies.Common.v1.Text};prop:virtualProp3:Url:{dataField>Url};">
											<template:if test="{= ${dataField>Criticality} }">
												<sfi:controlProposal>
													<sfi:ControlProposal>
														<sfi:objectStatus>
															<sfi:ObjectStatus
																criticality="{path: 'dataField>Criticality', formatter: 'sap.ui.model.odata.AnnotationHelper.simplePath'}"
																build:metadata="#pattern:Column;prop:criticality:Criticality;" />
														</sfi:objectStatus>
													</sfi:ControlProposal>
												</sfi:controlProposal>
											</template:if>
										</sfi:SmartField>
									</template:with>
								</template:with>
							</items>
						</VBox>
					</template:if>
				</template:repeat>
				<template:if test="{= ${facet>Target/AnnotationPath} }">
					<template:then>
						<core:ExtensionPoint
							name="ResponsiveTableCellsExtension|{listEntitySet>name}|{path: 'facet>', formatter: 'sap.suite.ui.generic.template.js.AnnotationHelper.getStableIdPartFromFacet'}" />
					</template:then>
					<template:else>
						<core:ExtensionPoint
							name="ResponsiveTableCellsExtension|{listEntitySet>name}" />
					</template:else>
				</template:if>
			</cells>
		</ColumnListItem>
	</items>
</core:FragmentDefinition>
